,Precinct,OfnsDesc,CrimeCount
0,1,DISORDERLY CONDUCT,2
1,1,CRIMINAL TRESPASS,51
2,1,THEFT-FRAUD,1
3,1,OFFENSES AGAINST PUBLIC SAFETY,3
4,1,CRIMINAL MISCHIEF & RELATED OF,123
5,1,FOR OTHER AUTHORITIES,25
6,1,GRAND LARCENY,123
7,1,OTHER STATE LAWS,7
8,1,OFFENSES AGAINST THE PERSON,8
9,1,ARSON,1
10,1,OTHER OFFENSES RELATED TO THEF,12
11,1,OFF. AGNST PUB ORD SENSBLTY &,25
12,1,MISCELLANEOUS PENAL LAW,26
13,1,ROBBERY,86
14,1,OFFENSES AGAINST PUBLIC ADMINI,78
15,1,THEFT OF SERVICES,11
16,1,POSSESSION OF STOLEN PROPERTY,54
17,1,DANGEROUS WEAPONS,16
18,1,FORGERY,16
19,1,BURGLARY,175
20,1,OTHER STATE LAWS (NON PENAL LA,4
21,1,SEX CRIMES,19
22,1,INTOXICATED & IMPAIRED DRIVING,16
23,1,ANTICIPATORY OFFENSES,2
24,1,FELONY ASSAULT,57
25,1,VEHICLE AND TRAFFIC LAWS,36
26,1,DANGEROUS DRUGS,17
27,1,OTHER TRAFFIC INFRACTION,17
28,1,ASSAULT 3 & RELATED OFFENSES,119
29,1,GRAND LARCENY OF MOTOR VEHICLE,1
30,1,PETIT LARCENY,228
31,1,MURDER & NON-NEGL. MANSLAUGHTE,2
32,1,NYS LAWS-UNCLASSIFIED FELONY,2
33,1,FRAUDULENT ACCOSTING,3
34,1,RAPE,2
35,1,FRAUDS,3
36,1,BURGLAR'S TOOLS,13
37,1,MOVING INFRACTIONS,2
38,1,JOSTLING,2
39,1,OFFENSES INVOLVING FRAUD,14
40,1,UNAUTHORIZED USE OF A VEHICLE,3
41,1,INTOXICATED/IMPAIRED DRIVING,3
42,5,OTHER TRAFFIC INFRACTION,14
43,5,OFFENSES INVOLVING FRAUD,19
44,5,BURGLARY,149
45,5,MISCELLANEOUS PENAL LAW,100
46,5,ASSAULT 3 & RELATED OFFENSES,163
47,5,UNAUTHORIZED USE OF A VEHICLE,6
48,5,FORGERY,20
49,5,HARRASSMENT 2,2
50,5,NYS LAWS-UNCLASSIFIED FELONY,96
51,5,BURGLAR'S TOOLS,3
52,5,RAPE,29
53,5,THEFT-FRAUD,9
54,5,DANGEROUS DRUGS,67
55,5,OFF. AGNST PUB ORD SENSBLTY &,34
56,5,VEHICLE AND TRAFFIC LAWS,35
57,5,MURDER & NON-NEGL. MANSLAUGHTE,18
58,5,OTHER STATE LAWS (NON PENAL LA,3
59,5,CRIMINAL TRESPASS,17
60,5,GRAND LARCENY OF MOTOR VEHICLE,4
61,5,POSSESSION OF STOLEN PROPERTY,37
62,5,OTHER OFFENSES RELATED TO THEF,4
63,5,INTOXICATED & IMPAIRED DRIVING,8
64,5,FELONY ASSAULT,128
65,5,JOSTLING,1
66,5,KIDNAPPING & RELATED OFFENSES,1
67,5,AGRICULTURE & MRKTS LAW-UNCLASSIFIED,2
68,5,KIDNAPPING,1
69,5,CRIMINAL MISCHIEF & RELATED OF,141
70,5,OFFENSES RELATED TO CHILDREN,1
71,5,ARSON,2
72,5,ROBBERY,91
73,5,THEFT OF SERVICES,1
74,5,OFFENSES AGAINST THE PERSON,3
75,5,PETIT LARCENY,99
76,5,FOR OTHER AUTHORITIES,319
77,5,PROSTITUTION & RELATED OFFENSES,15
78,5,GAMBLING,2
79,5,SEX CRIMES,115
80,5,GRAND LARCENY,300
81,5,DANGEROUS WEAPONS,43
82,5,FRAUDS,7
83,5,DISORDERLY CONDUCT,2
84,5,OFFENSES AGAINST PUBLIC ADMINI,88
85,6,OFFENSES INVOLVING FRAUD,2
86,6,INTOXICATED & IMPAIRED DRIVING,9
87,6,DISORDERLY CONDUCT,3
88,6,OTHER STATE LAWS,1
89,6,OTHER STATE LAWS (NON PENAL LA,1
90,6,ROBBERY,211
91,6,ESCAPE 3,1
92,6,OTHER TRAFFIC INFRACTION,2
93,6,CRIMINAL TRESPASS,60
94,6,BURGLAR'S TOOLS,27
95,6,MURDER & NON-NEGL. MANSLAUGHTE,2
96,6,OTHER OFFENSES RELATED TO THEF,19
97,6,FELONY ASSAULT,106
98,6,RAPE,1
99,6,ASSAULT 3 & RELATED OFFENSES,171
100,6,THEFT-FRAUD,1
101,6,GRAND LARCENY OF MOTOR VEHICLE,2
102,6,DANGEROUS WEAPONS,38
103,6,ADMINISTRATIVE CODE,2
104,6,GRAND LARCENY,163
105,6,OFFENSES AGAINST PUBLIC ADMINI,76
106,6,OFF. AGNST PUB ORD SENSBLTY &,30
107,6,DANGEROUS DRUGS,146
108,6,CRIMINAL MISCHIEF & RELATED OF,92
109,6,FORGERY,20
110,6,INTOXICATED/IMPAIRED DRIVING,2
111,6,FRAUDS,14
112,6,POSSESSION OF STOLEN PROPERTY,40
113,6,OFFENSES AGAINST THE PERSON,15
114,6,VEHICLE AND TRAFFIC LAWS,12
115,6,SEX CRIMES,11
116,6,UNAUTHORIZED USE OF A VEHICLE,3
117,6,BURGLARY,239
118,6,PETIT LARCENY,238
119,6,MISCELLANEOUS PENAL LAW,40
120,6,FOR OTHER AUTHORITIES,4
121,6,NYS LAWS-UNCLASSIFIED FELONY,3
122,7,CRIMINAL MISCHIEF & RELATED OF,93
123,7,OFFENSES AGAINST THE PERSON,4
124,7,OFFENSES INVOLVING FRAUD,11
125,7,BURGLAR'S TOOLS,16
126,7,OTHER TRAFFIC INFRACTION,20
127,7,INTOXICATED & IMPAIRED DRIVING,12
128,7,FORGERY,12
129,7,OTHER STATE LAWS,1
130,7,ROBBERY,70
131,7,GRAND LARCENY,70
132,7,OTHER OFFENSES RELATED TO THEF,5
133,7,DISORDERLY CONDUCT,1
134,7,NYS LAWS-UNCLASSIFIED FELONY,1
135,7,GAMBLING,2
136,7,KIDNAPPING & RELATED OFFENSES,1
137,7,MURDER & NON-NEGL. MANSLAUGHTE,13
138,7,THEFT OF SERVICES,9
139,7,FRAUDS,4
140,7,INTOXICATED/IMPAIRED DRIVING,1
141,7,FOR OTHER AUTHORITIES,1
142,7,OFFENSES AGAINST PUBLIC ADMINI,49
143,7,VEHICLE AND TRAFFIC LAWS,75
144,7,ENDAN WELFARE INCOMP,1
145,7,DANGEROUS WEAPONS,22
146,7,ADMINISTRATIVE CODE,1
147,7,BURGLARY,98
148,7,SEX CRIMES,18
149,7,CHILD ABANDONMENT/NON SUPPORT,1
150,7,PETIT LARCENY,150
151,7,OFF. AGNST PUB ORD SENSBLTY &,27
152,7,DANGEROUS DRUGS,59
153,7,RAPE,2
154,7,FELONY ASSAULT,83
155,7,ASSAULT 3 & RELATED OFFENSES,225
156,7,CRIMINAL TRESPASS,18
157,7,POSSESSION OF STOLEN PROPERTY,17
158,7,GRAND LARCENY OF MOTOR VEHICLE,8
159,7,PROSTITUTION & RELATED OFFENSES,6
160,7,MISCELLANEOUS PENAL LAW,60
161,9,VEHICLE AND TRAFFIC LAWS,15
162,9,OTHER STATE LAWS (NON PENAL LA,1
163,9,ASSAULT 3 & RELATED OFFENSES,179
164,9,SEX CRIMES,17
165,9,UNAUTHORIZED USE OF A VEHICLE,3
166,9,OTHER OFFENSES RELATED TO THEF,6
167,9,PETIT LARCENY,95
168,9,OFFENSES AGAINST PUBLIC ADMINI,88
169,9,MISCELLANEOUS PENAL LAW,38
170,9,INTOXICATED & IMPAIRED DRIVING,6
171,9,DANGEROUS WEAPONS,43
172,9,BURGLAR'S TOOLS,22
173,9,MURDER & NON-NEGL. MANSLAUGHTE,4
174,9,OFFENSES AGAINST THE PERSON,11
175,9,THEFT-FRAUD,1
176,9,GRAND LARCENY OF MOTOR VEHICLE,7
177,9,ROBBERY,62
178,9,POSSESSION OF STOLEN PROPERTY,25
179,9,CRIMINAL TRESPASS,18
180,9,GRAND LARCENY,101
181,9,ADMINISTRATIVE CODE,1
182,9,FORGERY,13
183,9,OTHER TRAFFIC INFRACTION,8
184,9,OFF. AGNST PUB ORD SENSBLTY &,43
185,9,HARRASSMENT 2,1
186,9,OFFENSES INVOLVING FRAUD,3
187,9,CRIMINAL MISCHIEF & RELATED OF,67
188,9,NYS LAWS-UNCLASSIFIED FELONY,2
189,9,FRAUDS,4
190,9,BURGLARY,132
191,9,OTHER STATE LAWS,1
192,9,RAPE,1
193,9,FRAUDULENT ACCOSTING,3
194,9,FELONY ASSAULT,130
195,9,THEFT OF SERVICES,1
196,9,DANGEROUS DRUGS,123
197,9,GAMBLING,2
198,10,MISCELLANEOUS PENAL LAW,31
199,10,RAPE,1
200,10,FRAUDS,1
201,10,FELONY ASSAULT,74
202,10,THEFT-FRAUD,1
203,10,OTHER STATE LAWS (NON PENAL LA,1
204,10,PETIT LARCENY,82
205,10,CHILD ABANDONMENT/NON SUPPORT,1
206,10,OFFENSES AGAINST THE PERSON,6
207,10,GRAND LARCENY OF MOTOR VEHICLE,1
208,10,DANGEROUS WEAPONS,20
209,10,UNAUTHORIZED USE OF A VEHICLE,3
210,10,KIDNAPPING AND RELATED OFFENSES,1
211,10,NYS LAWS-UNCLASSIFIED FELONY,1
212,10,INTOXICATED/IMPAIRED DRIVING,1
213,10,INTOXICATED & IMPAIRED DRIVING,30
214,10,BURGLAR'S TOOLS,10
215,10,OTHER STATE LAWS,2
216,10,FORGERY,9
217,10,MURDER & NON-NEGL. MANSLAUGHTE,5
218,10,VEHICLE AND TRAFFIC LAWS,69
219,10,ROBBERY,69
220,10,DANGEROUS DRUGS,63
221,10,GRAND LARCENY,70
222,10,POSSESSION OF STOLEN PROPERTY,13
223,10,FOR OTHER AUTHORITIES,182
224,10,OTHER OFFENSES RELATED TO THEF,14
225,10,OTHER TRAFFIC INFRACTION,19
226,10,CRIMINAL MISCHIEF & RELATED OF,61
227,10,CRIMINAL TRESPASS,34
228,10,SEX CRIMES,11
229,10,OFF. AGNST PUB ORD SENSBLTY &,22
230,10,ASSAULT 3 & RELATED OFFENSES,116
231,10,OFFENSES AGAINST PUBLIC ADMINI,44
232,10,OFFENSES INVOLVING FRAUD,10
233,10,BURGLARY,97
234,13,OFFENSES AGAINST PUBLIC ADMINI,61
235,13,RAPE,2
236,13,BURGLARY,208
237,13,SEX CRIMES,24
238,13,VEHICLE AND TRAFFIC LAWS,13
239,13,GRAND LARCENY OF MOTOR VEHICLE,13
240,13,OTHER OFFENSES RELATED TO THEF,10
241,13,AGRICULTURE & MRKTS LAW-UNCLASSIFIED,1
242,13,MURDER & NON-NEGL. MANSLAUGHTE,6
243,13,ADMINISTRATIVE CODES,1
244,13,BURGLAR'S TOOLS,18
245,13,ROBBERY,134
246,13,POSSESSION OF STOLEN PROPERTY,28
247,13,DANGEROUS WEAPONS,23
248,13,NYS LAWS-UNCLASSIFIED FELONY,2
249,13,OTHER TRAFFIC INFRACTION,15
250,13,JOSTLING,2
251,13,INTOXICATED & IMPAIRED DRIVING,7
252,13,PROSTITUTION & RELATED OFFENSES,2
253,13,CRIMINAL MISCHIEF & RELATED OF,117
254,13,THEFT-FRAUD,2
255,13,FOR OTHER AUTHORITIES,5
256,13,DANGEROUS DRUGS,54
257,13,FORGERY,12
258,13,PETIT LARCENY,257
259,13,UNAUTHORIZED USE OF A VEHICLE,1
260,13,GRAND LARCENY,175
261,13,OFFENSES INVOLVING FRAUD,5
262,13,OFFENSES AGAINST THE PERSON,7
263,13,DISORDERLY CONDUCT,1
264,13,OFF. AGNST PUB ORD SENSBLTY &,48
265,13,MISCELLANEOUS PENAL LAW,34
266,13,FELONY ASSAULT,155
267,13,FRAUDULENT ACCOSTING,1
268,13,FRAUDS,5
269,13,HARRASSMENT 2,1
270,13,ASSAULT 3 & RELATED OFFENSES,251
271,13,ARSON,1
272,13,INTOXICATED/IMPAIRED DRIVING,1
273,13,CRIMINAL TRESPASS,47
274,14,ASSAULT 3 & RELATED OFFENSES,290
275,14,SEX CRIMES,44
276,14,THEFT OF SERVICES,22
277,14,OFF. AGNST PUB ORD SENSBLTY &,51
278,14,OFFENSES AGAINST THE PERSON,13
279,14,ROBBERY,101
280,14,FRAUDS,12
281,14,OFFENSES AGAINST PUBLIC ADMINI,101
282,14,VEHICLE AND TRAFFIC LAWS,87
283,14,FOR OTHER AUTHORITIES,14
284,14,GRAND LARCENY OF MOTOR VEHICLE,7
285,14,PETIT LARCENY,686
286,14,ARSON,3
287,14,GRAND LARCENY,314
288,14,MURDER & NON-NEGL. MANSLAUGHTE,7
289,14,MOVING INFRACTIONS,1
290,14,OTHER STATE LAWS (NON PENAL LA,4
291,14,CRIMINAL MISCHIEF & RELATED OF,163
292,14,UNAUTHORIZED USE OF A VEHICLE,6
293,14,DANGEROUS WEAPONS,53
294,14,BURGLAR'S TOOLS,32
295,14,INTOXICATED & IMPAIRED DRIVING,6
296,14,THEFT-FRAUD,1
297,14,JOSTLING,1
298,14,DANGEROUS DRUGS,276
299,14,NYS LAWS-UNCLASSIFIED FELONY,2
300,14,FELONY ASSAULT,149
301,14,OTHER OFFENSES RELATED TO THEF,68
302,14,FRAUDULENT ACCOSTING,1
303,14,DISORDERLY CONDUCT,1
304,14,BURGLARY,251
305,14,ADMINISTRATIVE CODE,1
306,14,RAPE,5
307,14,OFFENSES INVOLVING FRAUD,16
308,14,MISCELLANEOUS PENAL LAW,64
309,14,OTHER STATE LAWS,6
310,14,OTHER TRAFFIC INFRACTION,18
311,14,FORGERY,43
312,14,POSSESSION OF STOLEN PROPERTY,59
313,14,CRIMINAL TRESPASS,58
314,14,PROSTITUTION & RELATED OFFENSES,9
315,17,GRAND LARCENY OF MOTOR VEHICLE,8
316,17,DANGEROUS DRUGS,10
317,17,FELONY ASSAULT,38
318,17,MISCELLANEOUS PENAL LAW,9
319,17,BURGLARY,96
320,17,OFFENSES AGAINST PUBLIC ADMINI,19
321,17,ROBBERY,41
322,17,GRAND LARCENY,115
323,17,PETIT LARCENY,219
324,17,BURGLAR'S TOOLS,5
325,17,SEX CRIMES,7
326,17,NYS LAWS-UNCLASSIFIED FELONY,3
327,17,PROSTITUTION & RELATED OFFENSES,7
328,17,UNAUTHORIZED USE OF A VEHICLE,2
329,17,INTOXICATED & IMPAIRED DRIVING,16
330,17,THEFT OF SERVICES,2
331,17,POSSESSION OF STOLEN PROPERTY,18
332,17,OFF. AGNST PUB ORD SENSBLTY &,5
333,17,FORGERY,2
334,17,OFFENSES AGAINST THE PERSON,6
335,17,DANGEROUS WEAPONS,22
336,17,ASSAULT 3 & RELATED OFFENSES,91
337,17,OTHER TRAFFIC INFRACTION,21
338,17,OFFENSES INVOLVING FRAUD,11
339,17,MOVING INFRACTIONS,1
340,17,FRAUDS,1
341,17,VEHICLE AND TRAFFIC LAWS,43
342,17,INTOXICATED/IMPAIRED DRIVING,1
343,17,THEFT-FRAUD,1
344,17,CHILD ABANDONMENT/NON SUPPORT,1
345,17,CRIMINAL TRESPASS,11
346,17,CRIMINAL MISCHIEF & RELATED OF,30
347,17,OTHER OFFENSES RELATED TO THEF,6
348,18,POSSESSION OF STOLEN PROPERTY,28
349,18,FOR OTHER AUTHORITIES,6
350,18,ROBBERY,109
351,18,OTHER TRAFFIC INFRACTION,7
352,18,CRIMINAL MISCHIEF & RELATED OF,85
353,18,OFFENSES INVOLVING FRAUD,11
354,18,MURDER & NON-NEGL. MANSLAUGHTE,5
355,18,INTOXICATED & IMPAIRED DRIVING,20
356,18,MISCELLANEOUS PENAL LAW,37
357,18,FELONY ASSAULT,108
358,18,OTHER STATE LAWS,28
359,18,UNAUTHORIZED USE OF A VEHICLE,10
360,18,PROSTITUTION & RELATED OFFENSES,7
361,18,OTHER OFFENSES RELATED TO THEF,29
362,18,CRIMINAL TRESPASS,57
363,18,PETIT LARCENY,286
364,18,VEHICLE AND TRAFFIC LAWS,26
365,18,DANGEROUS DRUGS,39
366,18,BURGLARY,208
367,18,DISORDERLY CONDUCT,4
368,18,RAPE,2
369,18,THEFT-FRAUD,4
370,18,GRAND LARCENY OF MOTOR VEHICLE,8
371,18,BURGLAR'S TOOLS,8
372,18,MOVING INFRACTIONS,1
373,18,OFFENSES AGAINST PUBLIC ADMINI,96
374,18,DANGEROUS WEAPONS,27
375,18,FRAUDS,9
376,18,ARSON,1
377,18,OFFENSES AGAINST THE PERSON,4
378,18,NYS LAWS-UNCLASSIFIED FELONY,2
379,18,FORGERY,20
380,18,ASSAULT 3 & RELATED OFFENSES,172
381,18,FRAUDULENT ACCOSTING,7
382,18,SEX CRIMES,15
383,18,THEFT OF SERVICES,2
384,18,OFF. AGNST PUB ORD SENSBLTY &,55
385,18,GRAND LARCENY,358
386,19,FELONY ASSAULT,73
387,19,GRAND LARCENY OF MOTOR VEHICLE,3
388,19,OFFENSES INVOLVING FRAUD,4
389,19,CRIMINAL MISCHIEF & RELATED OF,53
390,19,VEHICLE AND TRAFFIC LAWS,31
391,19,NYS LAWS-UNCLASSIFIED FELONY,2
392,19,OFFENSES AGAINST THE PERSON,3
393,19,PROSTITUTION & RELATED OFFENSES,2
394,19,THEFT OF SERVICES,2
395,19,UNAUTHORIZED USE OF A VEHICLE,2
396,19,FRAUDS,3
397,19,FOR OTHER AUTHORITIES,6
398,19,ARSON,2
399,19,MISCELLANEOUS PENAL LAW,47
400,19,SEX CRIMES,13
401,19,MURDER & NON-NEGL. MANSLAUGHTE,3
402,19,GRAND LARCENY,226
403,19,BURGLARY,202
404,19,OFF. AGNST PUB ORD SENSBLTY &,21
405,19,OTHER OFFENSES RELATED TO THEF,7
406,19,ASSAULT 3 & RELATED OFFENSES,186
407,19,OTHER TRAFFIC INFRACTION,8
408,19,FORGERY,15
409,19,DANGEROUS DRUGS,9
410,19,INTOXICATED & IMPAIRED DRIVING,9
411,19,DANGEROUS WEAPONS,9
412,19,POSSESSION OF STOLEN PROPERTY,24
413,19,OFFENSES AGAINST PUBLIC ADMINI,21
414,19,PETIT LARCENY,370
415,19,ROBBERY,104
416,19,CRIMINAL TRESPASS,17
417,19,OTHER STATE LAWS,1
418,19,BURGLAR'S TOOLS,12
419,20,CRIMINAL MISCHIEF & RELATED OF,37
420,20,FOR OTHER AUTHORITIES,3
421,20,GRAND LARCENY,92
422,20,ROBBERY,47
423,20,OFFENSES AGAINST PUBLIC ADMINI,22
424,20,FELONY ASSAULT,28
425,20,GRAND LARCENY OF MOTOR VEHICLE,5
426,20,FORGERY,5
427,20,BURGLAR'S TOOLS,9
428,20,MISCELLANEOUS PENAL LAW,17
429,20,ARSON,1
430,20,UNAUTHORIZED USE OF A VEHICLE,1
431,20,OTHER STATE LAWS (NON PENAL LA,2
432,20,OFFENSES AGAINST THE PERSON,2
433,20,PETIT LARCENY,184
434,20,MURDER & NON-NEGL. MANSLAUGHTE,2
435,20,NYS LAWS-UNCLASSIFIED FELONY,1
436,20,THEFT OF SERVICES,1
437,20,OFFENSES INVOLVING FRAUD,2
438,20,FRAUDS,2
439,20,ASSAULT 3 & RELATED OFFENSES,80
440,20,BURGLARY,77
441,20,OFF. AGNST PUB ORD SENSBLTY &,15
442,20,CRIMINAL TRESPASS,4
443,20,INTOXICATED & IMPAIRED DRIVING,4
444,20,DANGEROUS WEAPONS,11
445,20,DANGEROUS DRUGS,48
446,20,VEHICLE AND TRAFFIC LAWS,13
447,20,POSSESSION OF STOLEN PROPERTY,11
448,20,OTHER STATE LAWS,3
449,20,OTHER OFFENSES RELATED TO THEF,7
450,20,SEX CRIMES,8
451,20,OTHER TRAFFIC INFRACTION,4
452,22,MISCELLANEOUS PENAL LAW,4
453,22,PETIT LARCENY,4
454,22,OFF. AGNST PUB ORD SENSBLTY &,2
455,22,FOR OTHER AUTHORITIES,1
456,22,ASSAULT 3 & RELATED OFFENSES,14
457,22,CHILD ABANDONMENT/NON SUPPORT,1
458,22,OFFENSES AGAINST PUBLIC ADMINI,2
459,22,MURDER & NON-NEGL. MANSLAUGHTE,1
460,22,BURGLARY,3
461,22,GRAND LARCENY,13
462,22,FELONY ASSAULT,4
463,22,SEX CRIMES,1
464,23,INTOXICATED/IMPAIRED DRIVING,3
465,23,POSSESSION OF STOLEN PROPERTY,13
466,23,SEX CRIMES,34
467,23,FORGERY,16
468,23,CRIMINAL TRESPASS,29
469,23,GAMBLING,6
470,23,THEFT-FRAUD,1
471,23,OFFENSES INVOLVING FRAUD,18
472,23,OFF. AGNST PUB ORD SENSBLTY &,75
473,23,OTHER TRAFFIC INFRACTION,6
474,23,GRAND LARCENY OF MOTOR VEHICLE,7
475,23,OTHER OFFENSES RELATED TO THEF,6
476,23,MISCELLANEOUS PENAL LAW,104
477,23,NEW YORK CITY HEALTH CODE,1
478,23,INTOXICATED & IMPAIRED DRIVING,11
479,23,GRAND LARCENY,71
480,23,DANGEROUS DRUGS,142
481,23,VEHICLE AND TRAFFIC LAWS,36
482,23,ROBBERY,99
483,23,NYS LAWS-UNCLASSIFIED FELONY,4
484,23,RAPE,4
485,23,MURDER & NON-NEGL. MANSLAUGHTE,37
486,23,DANGEROUS WEAPONS,124
487,23,BURGLAR'S TOOLS,3
488,23,FELONY ASSAULT,220
489,23,OFFENSES AGAINST PUBLIC ADMINI,175
490,23,PETIT LARCENY,117
491,23,FRAUDS,9
492,23,UNAUTHORIZED USE OF A VEHICLE,4
493,23,OFFENSES AGAINST THE PERSON,7
494,23,FOR OTHER AUTHORITIES,5
495,23,OTHER STATE LAWS (NON PENAL LA,2
496,23,BURGLARY,71
497,23,CRIMINAL MISCHIEF & RELATED OF,96
498,23,ASSAULT 3 & RELATED OFFENSES,379
499,23,ARSON,1
500,23,OFFENSES RELATED TO CHILDREN,1
501,24,FORGERY,8
502,24,NYS LAWS-UNCLASSIFIED FELONY,3
503,24,OFFENSES AGAINST THE PERSON,3
504,24,INTOXICATED & IMPAIRED DRIVING,20
505,24,CRIMINAL TRESPASS,29
506,24,POSSESSION OF STOLEN PROPERTY,9
507,24,ANTICIPATORY OFFENSES,1
508,24,ROBBERY,71
509,24,PROSTITUTION & RELATED OFFENSES,1
510,24,OTHER TRAFFIC INFRACTION,12
511,24,OFF. AGNST PUB ORD SENSBLTY &,16
512,24,VEHICLE AND TRAFFIC LAWS,58
513,24,GRAND LARCENY,41
514,24,OFFENSES AGAINST PUBLIC ADMINI,41
515,24,DANGEROUS WEAPONS,22
516,24,BURGLARY,95
517,24,MISCELLANEOUS PENAL LAW,70
518,24,PETIT LARCENY,226
519,24,ASSAULT 3 & RELATED OFFENSES,219
520,24,OTHER OFFENSES RELATED TO THEF,7
521,24,FOR OTHER AUTHORITIES,2
522,24,GRAND LARCENY OF MOTOR VEHICLE,2
523,24,DANGEROUS DRUGS,66
524,24,SEX CRIMES,13
525,24,BURGLAR'S TOOLS,3
526,24,DISORDERLY CONDUCT,1
527,24,GAMBLING,5
528,24,FRAUDS,5
529,24,OFFENSES INVOLVING FRAUD,2
530,24,MURDER & NON-NEGL. MANSLAUGHTE,14
531,24,UNAUTHORIZED USE OF A VEHICLE,2
532,24,CRIMINAL MISCHIEF & RELATED OF,53
533,24,FRAUDULENT ACCOSTING,1
534,24,RAPE,2
535,24,FELONY ASSAULT,110
536,25,MISCELLANEOUS PENAL LAW,73
537,25,AGRICULTURE & MRKTS LAW-UNCLASSIFIED,1
538,25,ASSAULT 3 & RELATED OFFENSES,314
539,25,RAPE,12
540,25,"LOITERING/GAMBLING (CARDS, DIC",12
541,25,OFFENSES AGAINST THE PERSON,9
542,25,INTOXICATED/IMPAIRED DRIVING,3
543,25,CHILD ABANDONMENT/NON SUPPORT,2
544,25,DANGEROUS WEAPONS,189
545,25,CRIMINAL TRESPASS,17
546,25,OFFENSES INVOLVING FRAUD,59
547,25,FELONY ASSAULT,172
548,25,NYS LAWS-UNCLASSIFIED FELONY,17
549,25,GRAND LARCENY OF MOTOR VEHICLE,10
550,25,FOR OTHER AUTHORITIES,14
551,25,FORGERY,33
552,25,BURGLARY,67
553,25,BURGLAR'S TOOLS,9
554,25,INTOXICATED & IMPAIRED DRIVING,34
555,25,ADMINISTRATIVE CODE,2
556,25,OFF. AGNST PUB ORD SENSBLTY &,44
557,25,GRAND LARCENY,56
558,25,KIDNAPPING & RELATED OFFENSES,1
559,25,OTHER STATE LAWS (NON PENAL LA,5
560,25,HOMICIDE-NEGLIGENT-VEHICLE,1
561,25,OFFENSES AGAINST PUBLIC ADMINI,123
562,25,DANGEROUS DRUGS,901
563,25,ROBBERY,110
564,25,PETIT LARCENY,110
565,25,GAMBLING,7
566,25,OFFENSES AGAINST PUBLIC SAFETY,2
567,25,VEHICLE AND TRAFFIC LAWS,101
568,25,THEFT OF SERVICES,6
569,25,SEX CRIMES,45
570,25,OTHER TRAFFIC INFRACTION,6
571,25,OTHER OFFENSES RELATED TO THEF,7
572,25,UNAUTHORIZED USE OF A VEHICLE,9
573,25,MURDER & NON-NEGL. MANSLAUGHTE,22
574,25,FRAUDS,3
575,25,POSSESSION OF STOLEN PROPERTY,26
576,25,CRIMINAL MISCHIEF & RELATED OF,155
577,26,POSSESSION OF STOLEN PROPERTY,13
578,26,GRAND LARCENY,66
579,26,ASSAULT 3 & RELATED OFFENSES,129
580,26,BURGLARY,88
581,26,DANGEROUS WEAPONS,36
582,26,OFFENSES AGAINST THE PERSON,7
583,26,OFF. AGNST PUB ORD SENSBLTY &,35
584,26,FOR OTHER AUTHORITIES,2
585,26,DANGEROUS DRUGS,63
586,26,ARSON,2
587,26,GAMBLING,2
588,26,GRAND LARCENY OF MOTOR VEHICLE,5
589,26,SEX CRIMES,13
590,26,UNAUTHORIZED USE OF A VEHICLE,3
591,26,BURGLAR'S TOOLS,2
592,26,FRAUDS,2
593,26,VEHICLE AND TRAFFIC LAWS,36
594,26,FORGERY,10
595,26,OTHER TRAFFIC INFRACTION,5
596,26,CRIMINAL TRESPASS,24
597,26,ROBBERY,52
598,26,CRIMINAL MISCHIEF & RELATED OF,48
599,26,FELONY ASSAULT,76
600,26,INTOXICATED & IMPAIRED DRIVING,20
601,26,DISORDERLY CONDUCT,1
602,26,MISCELLANEOUS PENAL LAW,74
603,26,ENDAN WELFARE INCOMP,1
604,26,ESCAPE 3,1
605,26,THEFT-FRAUD,3
606,26,NYS LAWS-UNCLASSIFIED FELONY,1
607,26,OTHER OFFENSES RELATED TO THEF,8
608,26,AGRICULTURE & MRKTS LAW-UNCLASSIFIED,1
609,26,PETIT LARCENY,110
610,26,OFFENSES AGAINST PUBLIC ADMINI,56
611,26,MURDER & NON-NEGL. MANSLAUGHTE,6
612,26,OFFENSES INVOLVING FRAUD,14
613,28,FELONY ASSAULT,101
614,28,OTHER STATE LAWS (NON PENAL LA,1
615,28,CRIMINAL TRESPASS,34
616,28,OFFENSES AGAINST PUBLIC SAFETY,2
617,28,GRAND LARCENY,39
618,28,ROBBERY,66
619,28,OTHER STATE LAWS,2
620,28,BURGLAR'S TOOLS,5
621,28,OFFENSES INVOLVING FRAUD,7
622,28,INTOXICATED & IMPAIRED DRIVING,10
623,28,DANGEROUS DRUGS,246
624,28,POSSESSION OF STOLEN PROPERTY,18
625,28,BURGLARY,53
626,28,GAMBLING,7
627,28,FOR OTHER AUTHORITIES,12
628,28,ASSAULT 3 & RELATED OFFENSES,210
629,28,MURDER & NON-NEGL. MANSLAUGHTE,7
630,28,MISCELLANEOUS PENAL LAW,55
631,28,UNAUTHORIZED USE OF A VEHICLE,4
632,28,GRAND LARCENY OF MOTOR VEHICLE,4
633,28,OFF. AGNST PUB ORD SENSBLTY &,17
634,28,VEHICLE AND TRAFFIC LAWS,49
635,28,"HOMICIDE-NEGLIGENT,UNCLASSIFIE",1
636,28,ADMINISTRATIVE CODE,1
637,28,NYS LAWS-UNCLASSIFIED FELONY,5
638,28,THEFT-FRAUD,3
639,28,SEX CRIMES,19
640,28,OTHER OFFENSES RELATED TO THEF,4
641,28,DANGEROUS WEAPONS,85
642,28,RAPE,6
643,28,CRIMINAL MISCHIEF & RELATED OF,67
644,28,OFFENSES AGAINST THE PERSON,5
645,28,PETIT LARCENY,177
646,28,OTHER TRAFFIC INFRACTION,18
647,28,FORGERY,19
648,28,HARRASSMENT 2,1
649,28,OFFENSES AGAINST PUBLIC ADMINI,67
650,28,FRAUDS,2
651,30,FORGERY,3
652,30,OFFENSES INVOLVING FRAUD,4
653,30,PROSTITUTION & RELATED OFFENSES,1
654,30,OFF. AGNST PUB ORD SENSBLTY &,29
655,30,BURGLAR'S TOOLS,1
656,30,NYS LAWS-UNCLASSIFIED FELONY,6
657,30,OFFENSES AGAINST PUBLIC ADMINI,43
658,30,DANGEROUS WEAPONS,53
659,30,GRAND LARCENY OF MOTOR VEHICLE,8
660,30,INTOXICATED & IMPAIRED DRIVING,17
661,30,FELONY ASSAULT,100
662,30,CRIMINAL MISCHIEF & RELATED OF,50
663,30,MISCELLANEOUS PENAL LAW,59
664,30,GRAND LARCENY,38
665,30,DANGEROUS DRUGS,99
666,30,UNAUTHORIZED USE OF A VEHICLE,4
667,30,KIDNAPPING & RELATED OFFENSES,1
668,30,ARSON,1
669,30,OFFENSES AGAINST THE PERSON,6
670,30,SEX CRIMES,16
671,30,ALCOHOLIC BEVERAGE CONTROL LAW,9
672,30,BURGLARY,48
673,30,"HOMICIDE-NEGLIGENT,UNCLASSIFIE",1
674,30,PETIT LARCENY,56
675,30,GAMBLING,3
676,30,POSSESSION OF STOLEN PROPERTY,10
677,30,RAPE,1
678,30,ROBBERY,87
679,30,OTHER OFFENSES RELATED TO THEF,4
680,30,ASSAULT 3 & RELATED OFFENSES,198
681,30,FRAUDS,5
682,30,FOR OTHER AUTHORITIES,3
683,30,VEHICLE AND TRAFFIC LAWS,27
684,30,OFFENSES AGAINST PUBLIC SAFETY,2
685,30,CRIMINAL TRESPASS,3
686,30,OTHER TRAFFIC INFRACTION,4
687,30,MURDER & NON-NEGL. MANSLAUGHTE,15
688,30,ADMINISTRATIVE CODE,3
689,32,OFFENSES INVOLVING FRAUD,5
690,32,FOR OTHER AUTHORITIES,10
691,32,FELONY ASSAULT,208
692,32,NYS LAWS-UNCLASSIFIED FELONY,3
693,32,DANGEROUS WEAPONS,98
694,32,BURGLARY,49
695,32,OFF. AGNST PUB ORD SENSBLTY &,42
696,32,PETIT LARCENY,87
697,32,KIDNAPPING & RELATED OFFENSES,1
698,32,FORGERY,15
699,32,OFFENSES AGAINST PUBLIC ADMINI,66
700,32,CRIMINAL MISCHIEF & RELATED OF,109
701,32,ARSON,5
702,32,ALCOHOLIC BEVERAGE CONTROL LAW,1
703,32,VEHICLE AND TRAFFIC LAWS,67
704,32,GRAND LARCENY,67
705,32,INTOXICATED/IMPAIRED DRIVING,3
706,32,FRAUDS,8
707,32,HARRASSMENT 2,1
708,32,OTHER TRAFFIC INFRACTION,1
709,32,OFFENSES AGAINST THE PERSON,7
710,32,OTHER OFFENSES RELATED TO THEF,2
711,32,INTOXICATED & IMPAIRED DRIVING,28
712,32,MOVING INFRACTIONS,2
713,32,CHILD ABANDONMENT/NON SUPPORT,1
714,32,SEX CRIMES,25
715,32,DANGEROUS DRUGS,165
716,32,POSSESSION OF STOLEN PROPERTY,15
717,32,THEFT-FRAUD,2
718,32,GRAND LARCENY OF MOTOR VEHICLE,12
719,32,RAPE,2
720,32,MURDER & NON-NEGL. MANSLAUGHTE,30
721,32,UNAUTHORIZED USE OF A VEHICLE,4
722,32,MISCELLANEOUS PENAL LAW,116
723,32,PROSTITUTION & RELATED OFFENSES,1
724,32,AGRICULTURE & MRKTS LAW-UNCLASSIFIED,2
725,32,ROBBERY,104
726,32,GAMBLING,10
727,32,OTHER STATE LAWS (NON PENAL LA,2
728,32,ASSAULT 3 & RELATED OFFENSES,400
729,32,CRIMINAL TRESPASS,76
730,33,NYS LAWS-UNCLASSIFIED FELONY,9
731,33,PETIT LARCENY,101
732,33,OTHER TRAFFIC INFRACTION,11
733,33,BURGLAR'S TOOLS,4
734,33,GRAND LARCENY OF MOTOR VEHICLE,13
735,33,POSSESSION OF STOLEN PROPERTY,16
736,33,OTHER OFFENSES RELATED TO THEF,2
737,33,SEX CRIMES,18
738,33,CRIMINAL TRESPASS,20
739,33,OTHER STATE LAWS (NON PENAL LA,5
740,33,MISCELLANEOUS PENAL LAW,49
741,33,OFFENSES AGAINST PUBLIC ADMINI,35
742,33,INTOXICATED & IMPAIRED DRIVING,26
743,33,ROBBERY,86
744,33,OTHER STATE LAWS,1
745,33,MOVING INFRACTIONS,1
746,33,FELONY ASSAULT,137
747,33,RAPE,3
748,33,FOR OTHER AUTHORITIES,17
749,33,VEHICLE AND TRAFFIC LAWS,83
750,33,FORGERY,27
751,33,ASSAULT 3 & RELATED OFFENSES,226
752,33,DANGEROUS WEAPONS,43
753,33,KIDNAPPING & RELATED OFFENSES,1
754,33,FRAUDS,5
755,33,CRIMINAL MISCHIEF & RELATED OF,59
756,33,BURGLARY,122
757,33,HARRASSMENT 2,1
758,33,UNAUTHORIZED USE OF A VEHICLE,4
759,33,GAMBLING,4
760,33,GRAND LARCENY,58
761,33,MURDER & NON-NEGL. MANSLAUGHTE,21
762,33,OFFENSES AGAINST PUBLIC SAFETY,10
763,33,OFF. AGNST PUB ORD SENSBLTY &,44
764,33,OFFENSES INVOLVING FRAUD,39
765,33,DANGEROUS DRUGS,177
766,33,HOMICIDE-NEGLIGENT-VEHICLE,1
767,33,OFFENSES AGAINST THE PERSON,15
768,34,MURDER & NON-NEGL. MANSLAUGHTE,13
769,34,MISCELLANEOUS PENAL LAW,47
770,34,CRIMINAL TRESPASS,7
771,34,FOR OTHER AUTHORITIES,15
772,34,OFFENSES AGAINST THE PERSON,19
773,34,BURGLAR'S TOOLS,2
774,34,GAMBLING,2
775,34,PETIT LARCENY,75
776,34,OTHER STATE LAWS (NON PENAL LA,2
777,34,THEFT-FRAUD,2
778,34,OFFENSES AGAINST PUBLIC ADMINI,77
779,34,OTHER OFFENSES RELATED TO THEF,6
780,34,VEHICLE AND TRAFFIC LAWS,80
781,34,DANGEROUS WEAPONS,69
782,34,OFFENSES INVOLVING FRAUD,21
783,34,MOVING INFRACTIONS,1
784,34,BURGLARY,90
785,34,PROSTITUTION & RELATED OFFENSES,1
786,34,OTHER STATE LAWS,1
787,34,CRIMINAL MISCHIEF & RELATED OF,91
788,34,ROBBERY,92
789,34,NYS LAWS-UNCLASSIFIED FELONY,7
790,34,FELONY ASSAULT,112
791,34,ALCOHOLIC BEVERAGE CONTROL LAW,7
792,34,INTOXICATED & IMPAIRED DRIVING,28
793,34,DANGEROUS DRUGS,198
794,34,GRAND LARCENY OF MOTOR VEHICLE,9
795,34,POSSESSION OF STOLEN PROPERTY,18
796,34,OTHER TRAFFIC INFRACTION,10
797,34,ASSAULT 3 & RELATED OFFENSES,256
798,34,OFF. AGNST PUB ORD SENSBLTY &,18
799,34,GRAND LARCENY,41
800,34,INTOXICATED/IMPAIRED DRIVING,5
801,34,RAPE,4
802,34,FORGERY,16
803,34,UNAUTHORIZED USE OF A VEHICLE,10
804,34,SEX CRIMES,16
805,40,FOR OTHER AUTHORITIES,25
806,40,RAPE,11
807,40,BURGLAR'S TOOLS,12
808,40,OFFENSES INVOLVING FRAUD,23
809,40,FRAUDS,23
810,40,ANTICIPATORY OFFENSES,7
811,40,OTHER TRAFFIC INFRACTION,11
812,40,CRIMINAL TRESPASS,16
813,40,OTHER STATE LAWS (NON PENAL LA,5
814,40,OTHER OFFENSES RELATED TO THEF,34
815,40,ARSON,4
816,40,UNAUTHORIZED USE OF A VEHICLE,10
817,40,INTOXICATED/IMPAIRED DRIVING,6
818,40,THEFT OF SERVICES,4
819,40,ADMINISTRATIVE CODE,4
820,40,NYS LAWS-UNCLASSIFIED FELONY,18
821,40,PROSTITUTION & RELATED OFFENSES,12
822,40,GAMBLING,5
823,40,OFFENSES AGAINST THE PERSON,18
824,40,OFFENSES AGAINST PUBLIC SAFETY,4
825,40,GRAND LARCENY OF MOTOR VEHICLE,27
826,40,ASSAULT 3 & RELATED OFFENSES,914
827,40,BURGLARY,81
828,40,MURDER & NON-NEGL. MANSLAUGHTE,51
829,40,"HOMICIDE-NEGLIGENT,UNCLASSIFIE",3
830,40,HARRASSMENT 2,1
831,40,JOSTLING,1
832,40,AGRICULTURE & MRKTS LAW-UNCLASSIFIED,1
833,40,GRAND LARCENY,128
834,40,MISCELLANEOUS PENAL LAW,144
835,40,VEHICLE AND TRAFFIC LAWS,97
836,40,POSSESSION OF STOLEN PROPERTY,48
837,40,OFF. AGNST PUB ORD SENSBLTY &,181
838,40,PETIT LARCENY,193
839,40,INTOXICATED & IMPAIRED DRIVING,53
840,40,ROBBERY,229
841,40,OFFENSES AGAINST PUBLIC ADMINI,230
842,40,FORGERY,51
843,40,ENDAN WELFARE INCOMP,2
844,40,DANGEROUS WEAPONS,274
845,40,DISORDERLY CONDUCT,2
846,40,OTHER STATE LAWS,3
847,40,DANGEROUS DRUGS,678
848,40,SEX CRIMES,65
849,40,CRIMINAL MISCHIEF & RELATED OF,237
850,40,FELONY ASSAULT,431
851,41,OFFENSES AGAINST THE PERSON,2
852,41,ALCOHOLIC BEVERAGE CONTROL LAW,1
853,41,UNAUTHORIZED USE OF A VEHICLE,4
854,41,CRIMINAL MISCHIEF & RELATED OF,108
855,41,DANGEROUS WEAPONS,107
856,41,ANTICIPATORY OFFENSES,4
857,41,GRAND LARCENY,99
858,41,OTHER TRAFFIC INFRACTION,5
859,41,RAPE,85
860,41,NYS LAWS-UNCLASSIFIED FELONY,6
861,41,POSSESSION OF STOLEN PROPERTY,33
862,41,ARSON,1
863,41,MISCELLANEOUS PENAL LAW,81
864,41,OFF. AGNST PUB ORD SENSBLTY &,62
865,41,PETIT LARCENY,46
866,41,THEFT-FRAUD,1
867,41,DISORDERLY CONDUCT,1
868,41,OFFENSES INVOLVING FRAUD,13
869,41,BURGLAR'S TOOLS,13
870,41,INTOXICATED & IMPAIRED DRIVING,15
871,41,FOR OTHER AUTHORITIES,12
872,41,ASSAULT 3 & RELATED OFFENSES,290
873,41,ROBBERY,279
874,41,FORGERY,11
875,41,CRIMINAL TRESPASS,11
876,41,GAMBLING,16
877,41,CHILD ABANDONMENT/NON SUPPORT,1
878,41,OTHER OFFENSES RELATED TO THEF,10
879,41,PROSTITUTION & RELATED OFFENSES,197
880,41,FELONY ASSAULT,165
881,41,GRAND LARCENY OF MOTOR VEHICLE,20
882,41,OFFENSES AGAINST PUBLIC ADMINI,146
883,41,MURDER & NON-NEGL. MANSLAUGHTE,21
884,41,OTHER STATE LAWS (NON PENAL LA,3
885,41,OTHER STATE LAWS,1
886,41,FRAUDS,1
887,41,ESCAPE 3,1
888,41,DANGEROUS DRUGS,205
889,41,INTOXICATED/IMPAIRED DRIVING,4
890,41,SEX CRIMES,105
891,41,VEHICLE AND TRAFFIC LAWS,49
892,41,BURGLARY,51
893,42,"HOMICIDE-NEGLIGENT,UNCLASSIFIE",2
894,42,PROSTITUTION & RELATED OFFENSES,3
895,42,ALCOHOLIC BEVERAGE CONTROL LAW,4
896,42,MISCELLANEOUS PENAL LAW,107
897,42,POSSESSION OF STOLEN PROPERTY,36
898,42,MOVING INFRACTIONS,1
899,42,OTHER STATE LAWS (NON PENAL LA,1
900,42,FELONY ASSAULT,318
901,42,BURGLARY,91
902,42,GAMBLING,7
903,42,OFF. AGNST PUB ORD SENSBLTY &,65
904,42,GRAND LARCENY OF MOTOR VEHICLE,7
905,42,FORGERY,17
906,42,SEX CRIMES,26
907,42,OFFENSES AGAINST THE PERSON,10
908,42,CRIMINAL TRESPASS,11
909,42,OFFENSES INVOLVING FRAUD,17
910,42,OFFENSES AGAINST PUBLIC SAFETY,2
911,42,UNAUTHORIZED USE OF A VEHICLE,2
912,42,FRAUDS,2
913,42,AGRICULTURE & MRKTS LAW-UNCLASSIFIED,2
914,42,GRAND LARCENY,72
915,42,MURDER & NON-NEGL. MANSLAUGHTE,42
916,42,INTOXICATED & IMPAIRED DRIVING,16
917,42,BURGLAR'S TOOLS,3
918,42,VEHICLE AND TRAFFIC LAWS,77
919,42,RAPE,4
920,42,INTOXICATED/IMPAIRED DRIVING,3
921,42,FOR OTHER AUTHORITIES,10
922,42,OTHER OFFENSES RELATED TO THEF,9
923,42,DANGEROUS WEAPONS,136
924,42,ROBBERY,136
925,42,OFFENSES AGAINST PUBLIC ADMINI,153
926,42,PETIT LARCENY,134
927,42,ANTICIPATORY OFFENSES,3
928,42,CRIMINAL MISCHIEF & RELATED OF,144
929,42,OTHER TRAFFIC INFRACTION,9
930,42,KIDNAPPING & RELATED OFFENSES,1
931,42,ASSAULT 3 & RELATED OFFENSES,652
932,42,NYS LAWS-UNCLASSIFIED FELONY,8
933,42,HARRASSMENT 2,1
934,42,DANGEROUS DRUGS,171
935,43,ALCOHOLIC BEVERAGE CONTROL LAW,5
936,43,ROBBERY,215
937,43,DANGEROUS DRUGS,247
938,43,FORGERY,66
939,43,DISORDERLY CONDUCT,1
940,43,CRIMINAL MISCHIEF & RELATED OF,173
941,43,RAPE,9
942,43,KIDNAPPING & RELATED OFFENSES,1
943,43,DANGEROUS WEAPONS,157
944,43,OTHER STATE LAWS,2
945,43,MURDER & NON-NEGL. MANSLAUGHTE,29
946,43,OTHER TRAFFIC INFRACTION,10
947,43,THEFT OF SERVICES,1
948,43,OTHER OFFENSES RELATED TO THEF,2
949,43,INTOXICATED/IMPAIRED DRIVING,4
950,43,OTHER STATE LAWS (NON PENAL LA,5
951,43,ADMINISTRATIVE CODE,1
952,43,"HOMICIDE-NEGLIGENT,UNCLASSIFIE",2
953,43,OFF. AGNST PUB ORD SENSBLTY &,55
954,43,ASSAULT 3 & RELATED OFFENSES,751
955,43,OFFENSES AGAINST THE PERSON,17
956,43,GRAND LARCENY,85
957,43,VEHICLE AND TRAFFIC LAWS,103
958,43,BURGLARY,73
959,43,INTOXICATED & IMPAIRED DRIVING,30
960,43,OTHER STATE LAWS (NON PENAL LAW),1
961,43,POSSESSION OF STOLEN PROPERTY,39
962,43,OFFENSES AGAINST PUBLIC ADMINI,106
963,43,CRIMINAL TRESPASS,19
964,43,OFFENSES INVOLVING FRAUD,36
965,43,UNAUTHORIZED USE OF A VEHICLE,14
966,43,MISCELLANEOUS PENAL LAW,110
967,43,PETIT LARCENY,203
968,43,PROSTITUTION & RELATED OFFENSES,5
969,43,OFFENSES AGAINST PUBLIC SAFETY,3
970,43,GRAND LARCENY OF MOTOR VEHICLE,36
971,43,FRAUDS,7
972,43,SEX CRIMES,42
973,43,FELONY ASSAULT,436
974,43,GAMBLING,1
975,43,FOR OTHER AUTHORITIES,36
976,43,ENDAN WELFARE INCOMP,1
977,43,NYS LAWS-UNCLASSIFIED FELONY,13
978,43,BURGLAR'S TOOLS,12
979,44,OTHER TRAFFIC INFRACTION,9
980,44,ASSAULT 3 & RELATED OFFENSES,767
981,44,KIDNAPPING & RELATED OFFENSES,1
982,44,ENDAN WELFARE INCOMP,1
983,44,MISCELLANEOUS PENAL LAW,108
984,44,ARSON,3
985,44,OFFENSES AGAINST THE PERSON,36
986,44,POSSESSION OF STOLEN PROPERTY,59
987,44,RAPE,11
988,44,VEHICLE AND TRAFFIC LAWS,230
989,44,CHILD ABANDONMENT/NON SUPPORT,1
990,44,FELONY ASSAULT,429
991,44,AGRICULTURE & MRKTS LAW-UNCLASSIFIED,1
992,44,PETIT LARCENY,151
993,44,GRAND LARCENY OF MOTOR VEHICLE,38
994,44,"HOMICIDE-NEGLIGENT,UNCLASSIFIE",5
995,44,OTHER STATE LAWS (NON PENAL LAW),3
996,44,INTOXICATED/IMPAIRED DRIVING,2
997,44,OTHER OFFENSES RELATED TO THEF,29
998,44,GAMBLING,8
999,44,BURGLARY,83
1000,44,INTOXICATED & IMPAIRED DRIVING,27
1001,44,GRAND LARCENY,76
1002,44,BURGLAR'S TOOLS,9
1003,44,OFFENSES INVOLVING FRAUD,128
1004,44,FOR OTHER AUTHORITIES,35
1005,44,NYS LAWS-UNCLASSIFIED FELONY,24
1006,44,SEX CRIMES,62
1007,44,DANGEROUS DRUGS,349
1008,44,CRIMINAL TRESPASS,18
1009,44,ALCOHOLIC BEVERAGE CONTROL LAW,7
1010,44,OTHER STATE LAWS,2
1011,44,HARRASSMENT 2,2
1012,44,THEFT OF SERVICES,15
1013,44,ROBBERY,222
1014,44,MOVING INFRACTIONS,1
1015,44,FORGERY,47
1016,44,OFF. AGNST PUB ORD SENSBLTY &,45
1017,44,DANGEROUS WEAPONS,226
1018,44,CRIMINAL MISCHIEF & RELATED OF,227
1019,44,PROSTITUTION & RELATED OFFENSES,5
1020,44,MURDER & NON-NEGL. MANSLAUGHTE,54
1021,44,OFFENSES AGAINST PUBLIC ADMINI,193
1022,44,ANTICIPATORY OFFENSES,6
1023,44,FRAUDS,23
1024,44,UNAUTHORIZED USE OF A VEHICLE,5
1025,44,THEFT-FRAUD,1
1026,44,ADMINISTRATIVE CODE,3
1027,44,OTHER STATE LAWS (NON PENAL LA,17
1028,45,PETIT LARCENY,150
1029,45,ADMINISTRATIVE CODE,2
1030,45,GRAND LARCENY OF MOTOR VEHICLE,6
1031,45,BURGLARY,44
1032,45,VEHICLE AND TRAFFIC LAWS,81
1033,45,FELONY ASSAULT,141
1034,45,ROBBERY,84
1035,45,UNAUTHORIZED USE OF A VEHICLE,6
1036,45,OFF. AGNST PUB ORD SENSBLTY &,26
1037,45,FORGERY,7
1038,45,INTOXICATED/IMPAIRED DRIVING,8
1039,45,OTHER OFFENSES RELATED TO THEF,3
1040,45,NYS LAWS-UNCLASSIFIED FELONY,7
1041,45,POSSESSION OF STOLEN PROPERTY,18
1042,45,OFFENSES AGAINST PUBLIC SAFETY,8
1043,45,CRIMINAL TRESPASS,9
1044,45,OFFENSES AGAINST PUBLIC ADMINI,80
1045,45,DANGEROUS WEAPONS,43
1046,45,MURDER & NON-NEGL. MANSLAUGHTE,10
1047,45,INTOXICATED & IMPAIRED DRIVING,34
1048,45,OTHER TRAFFIC INFRACTION,13
1049,45,ASSAULT 3 & RELATED OFFENSES,362
1050,45,ALCOHOLIC BEVERAGE CONTROL LAW,1
1051,45,RAPE,5
1052,45,FRAUDS,4
1053,45,FOR OTHER AUTHORITIES,16
1054,45,THEFT-FRAUD,1
1055,45,MISCELLANEOUS PENAL LAW,40
1056,45,OTHER STATE LAWS (NON PENAL LA,4
1057,45,SEX CRIMES,14
1058,45,CRIMINAL MISCHIEF & RELATED OF,66
1059,45,DANGEROUS DRUGS,73
1060,45,KIDNAPPING & RELATED OFFENSES,1
1061,45,GRAND LARCENY,55
1062,45,PROSTITUTION & RELATED OFFENSES,2
1063,45,OFFENSES INVOLVING FRAUD,2
1064,45,BURGLAR'S TOOLS,1
1065,45,ARSON,2
1066,45,OTHER STATE LAWS,1
1067,45,OFFENSES AGAINST THE PERSON,13
1068,46,VEHICLE AND TRAFFIC LAWS,60
1069,46,ROBBERY,201
1070,46,ADMINISTRATIVE CODE,1
1071,46,OTHER STATE LAWS (NON PENAL LA,1
1072,46,THEFT-FRAUD,1
1073,46,FOR OTHER AUTHORITIES,25
1074,46,PETIT LARCENY,90
1075,46,KIDNAPPING & RELATED OFFENSES,1
1076,46,MURDER & NON-NEGL. MANSLAUGHTE,45
1077,46,OFFENSES AGAINST THE PERSON,24
1078,46,FELONY ASSAULT,387
1079,46,NYS LAWS-UNCLASSIFIED FELONY,5
1080,46,GRAND LARCENY OF MOTOR VEHICLE,23
1081,46,OTHER OFFENSES RELATED TO THEF,20
1082,46,OFFENSES AGAINST PUBLIC ADMINI,152
1083,46,ASSAULT 3 & RELATED OFFENSES,683
1084,46,OFFENSES INVOLVING FRAUD,55
1085,46,ANTICIPATORY OFFENSES,9
1086,46,DANGEROUS WEAPONS,159
1087,46,ARSON,4
1088,46,POSSESSION OF STOLEN PROPERTY,39
1089,46,CRIMINAL MISCHIEF & RELATED OF,168
1090,46,OTHER TRAFFIC INFRACTION,9
1091,46,FRAUDULENT ACCOSTING,8
1092,46,DANGEROUS DRUGS,549
1093,46,GAMBLING,57
1094,46,INTOXICATED & IMPAIRED DRIVING,49
1095,46,RAPE,9
1096,46,FORGERY,22
1097,46,BURGLARY,114
1098,46,INTOXICATED/IMPAIRED DRIVING,3
1099,46,MISCELLANEOUS PENAL LAW,110
1100,46,BURGLAR'S TOOLS,9
1101,46,FRAUDS,4
1102,46,OFF. AGNST PUB ORD SENSBLTY &,70
1103,46,DISORDERLY CONDUCT,1
1104,46,OFFENSES RELATED TO CHILDREN,1
1105,46,GRAND LARCENY,71
1106,46,"HOMICIDE-NEGLIGENT,UNCLASSIFIE",1
1107,46,ALCOHOLIC BEVERAGE CONTROL LAW,34
1108,46,PROSTITUTION & RELATED OFFENSES,2
1109,46,OTHER STATE LAWS,2
1110,46,THEFT OF SERVICES,2
1111,46,SEX CRIMES,70
1112,46,CRIMINAL TRESPASS,13
1113,46,UNAUTHORIZED USE OF A VEHICLE,6
1114,46,AGRICULTURE & MRKTS LAW-UNCLASSIFIED,2
1115,47,DANGEROUS DRUGS,187
1116,47,OTHER OFFENSES RELATED TO THEF,4
1117,47,CHILD ABANDONMENT/NON SUPPORT,2
1118,47,GRAND LARCENY OF MOTOR VEHICLE,12
1119,47,POSSESSION OF STOLEN PROPERTY,28
1120,47,INTOXICATED & IMPAIRED DRIVING,63
1121,47,PETIT LARCENY,82
1122,47,OFFENSES INVOLVING FRAUD,63
1123,47,OTHER STATE LAWS (NON PENAL LA,3
1124,47,GRAND LARCENY,104
1125,47,UNAUTHORIZED USE OF A VEHICLE,7
1126,47,ANTICIPATORY OFFENSES,3
1127,47,RAPE,12
1128,47,OFFENSES AGAINST PUBLIC ADMINI,177
1129,47,FELONY ASSAULT,404
1130,47,THEFT-FRAUD,4
1131,47,VEHICLE AND TRAFFIC LAWS,77
1132,47,MURDER & NON-NEGL. MANSLAUGHTE,45
1133,47,ASSAULT 3 & RELATED OFFENSES,813
1134,47,DANGEROUS WEAPONS,154
1135,47,NYS LAWS-UNCLASSIFIED FELONY,6
1136,47,CRIMINAL TRESPASS,22
1137,47,OFFENSES AGAINST PUBLIC SAFETY,6
1138,47,ROBBERY,168
1139,47,CRIMINAL MISCHIEF & RELATED OF,169
1140,47,KIDNAPPING & RELATED OFFENSES,2
1141,47,GAMBLING,4
1142,47,FRAUDS,4
1143,47,FORGERY,59
1144,47,BURGLAR'S TOOLS,2
1145,47,ADMINISTRATIVE CODE,1
1146,47,BURGLARY,86
1147,47,OFFENSES AGAINST THE PERSON,26
1148,47,OTHER TRAFFIC INFRACTION,6
1149,47,ENDAN WELFARE INCOMP,1
1150,47,HARRASSMENT 2,1
1151,47,PROSTITUTION & RELATED OFFENSES,17
1152,47,SEX CRIMES,70
1153,47,MISCELLANEOUS PENAL LAW,92
1154,47,INTOXICATED/IMPAIRED DRIVING,16
1155,47,FOR OTHER AUTHORITIES,16
1156,47,ALCOHOLIC BEVERAGE CONTROL LAW,26
1157,47,OFF. AGNST PUB ORD SENSBLTY &,87
1158,47,AGRICULTURE & MRKTS LAW-UNCLASSIFIED,1
1159,48,ARSON,1
1160,48,ALCOHOLIC BEVERAGE CONTROL LAW,7
1161,48,OFFENSES AGAINST THE PERSON,5
1162,48,SEX CRIMES,40
1163,48,OTHER TRAFFIC INFRACTION,9
1164,48,PETIT LARCENY,110
1165,48,CRIMINAL MISCHIEF & RELATED OF,185
1166,48,ADMINISTRATIVE CODE,1
1167,48,POSSESSION OF STOLEN PROPERTY,14
1168,48,NYS LAWS-UNCLASSIFIED FELONY,7
1169,48,ENDAN WELFARE INCOMP,1
1170,48,OTHER OFFENSES RELATED TO THEF,3
1171,48,INTOXICATED & IMPAIRED DRIVING,19
1172,48,OFF. AGNST PUB ORD SENSBLTY &,74
1173,48,OFFENSES INVOLVING FRAUD,10
1174,48,OFFENSES AGAINST PUBLIC SAFETY,1
1175,48,MURDER & NON-NEGL. MANSLAUGHTE,32
1176,48,FOR OTHER AUTHORITIES,22
1177,48,GAMBLING,1
1178,48,OTHER STATE LAWS (NON PENAL LA,3
1179,48,FORGERY,6
1180,48,ASSAULT 3 & RELATED OFFENSES,623
1181,48,DANGEROUS WEAPONS,163
1182,48,FRAUDS,6
1183,48,MISCELLANEOUS PENAL LAW,105
1184,48,VEHICLE AND TRAFFIC LAWS,55
1185,48,OFFENSES AGAINST PUBLIC ADMINI,144
1186,48,GRAND LARCENY OF MOTOR VEHICLE,15
1187,48,PROSTITUTION & RELATED OFFENSES,3
1188,48,FELONY ASSAULT,262
1189,48,INTOXICATED/IMPAIRED DRIVING,2
1190,48,UNAUTHORIZED USE OF A VEHICLE,12
1191,48,ROBBERY,143
1192,48,CRIMINAL TRESPASS,14
1193,48,GRAND LARCENY,56
1194,48,RAPE,8
1195,48,BURGLAR'S TOOLS,3
1196,48,BURGLARY,79
1197,48,THEFT-FRAUD,6
1198,48,DANGEROUS DRUGS,240
1199,49,POSSESSION OF STOLEN PROPERTY,16
1200,49,VEHICLE AND TRAFFIC LAWS,88
1201,49,CRIMINAL TRESPASS,19
1202,49,ROBBERY,152
1203,49,MURDER & NON-NEGL. MANSLAUGHTE,13
1204,49,MOVING INFRACTIONS,1
1205,49,OFF. AGNST PUB ORD SENSBLTY &,49
1206,49,AGRICULTURE & MRKTS LAW-UNCLASSIFIED,1
1207,49,PROSTITUTION & RELATED OFFENSES,1
1208,49,FORGERY,11
1209,49,ARSON,1
1210,49,NYS LAWS-UNCLASSIFIED FELONY,6
1211,49,INTOXICATED & IMPAIRED DRIVING,17
1212,49,BURGLAR'S TOOLS,7
1213,49,FRAUDS,4
1214,49,CRIMINAL MISCHIEF & RELATED OF,93
1215,49,INTOXICATED/IMPAIRED DRIVING,7
1216,49,SEX CRIMES,35
1217,49,MISCELLANEOUS PENAL LAW,102
1218,49,ADMINISTRATIVE CODE,2
1219,49,OFFENSES AGAINST THE PERSON,10
1220,49,GRAND LARCENY,65
1221,49,ASSAULT 3 & RELATED OFFENSES,375
1222,49,ALCOHOLIC BEVERAGE CONTROL LAW,2
1223,49,OFFENSES AGAINST PUBLIC ADMINI,60
1224,49,DANGEROUS WEAPONS,45
1225,49,GAMBLING,2
1226,49,OFFENSES INVOLVING FRAUD,8
1227,49,DANGEROUS DRUGS,70
1228,49,OTHER TRAFFIC INFRACTION,6
1229,49,OFFENSES AGAINST PUBLIC SAFETY,1
1230,49,BURGLARY,39
1231,49,UNAUTHORIZED USE OF A VEHICLE,8
1232,49,OFFENSES RELATED TO CHILDREN,4
1233,49,THEFT-FRAUD,1
1234,49,GRAND LARCENY OF MOTOR VEHICLE,9
1235,49,FELONY ASSAULT,182
1236,49,FOR OTHER AUTHORITIES,79
1237,49,PETIT LARCENY,217
1238,49,OTHER STATE LAWS (NON PENAL LA,6
1239,49,OTHER OFFENSES RELATED TO THEF,2
1240,49,RAPE,3
1241,50,SEX CRIMES,13
1242,50,FORGERY,3
1243,50,OFF. AGNST PUB ORD SENSBLTY &,20
1244,50,BURGLAR'S TOOLS,1
1245,50,ALCOHOLIC BEVERAGE CONTROL LAW,1
1246,50,ARSON,1
1247,50,PETIT LARCENY,196
1248,50,ROBBERY,47
1249,50,POSSESSION OF STOLEN PROPERTY,11
1250,50,MURDER & NON-NEGL. MANSLAUGHTE,14
1251,50,INTOXICATED/IMPAIRED DRIVING,1
1252,50,ASSAULT 3 & RELATED OFFENSES,259
1253,50,OFFENSES AGAINST PUBLIC ADMINI,55
1254,50,HARRASSMENT 2,2
1255,50,CRIMINAL MISCHIEF & RELATED OF,66
1256,50,NYS LAWS-UNCLASSIFIED FELONY,7
1257,50,MISCELLANEOUS PENAL LAW,23
1258,50,GRAND LARCENY OF MOTOR VEHICLE,7
1259,50,RAPE,8
1260,50,INTOXICATED & IMPAIRED DRIVING,8
1261,50,UNAUTHORIZED USE OF A VEHICLE,8
1262,50,CRIMINAL TRESPASS,8
1263,50,OTHER TRAFFIC INFRACTION,6
1264,50,DANGEROUS WEAPONS,32
1265,50,OFFENSES AGAINST PUBLIC SAFETY,6
1266,50,GRAND LARCENY,39
1267,50,FELONY ASSAULT,110
1268,50,DANGEROUS DRUGS,41
1269,50,FOR OTHER AUTHORITIES,25
1270,50,VEHICLE AND TRAFFIC LAWS,49
1271,50,OFFENSES INVOLVING FRAUD,2
1272,50,OFFENSES AGAINST THE PERSON,3
1273,50,BURGLARY,31
1274,50,OTHER STATE LAWS (NON PENAL LA,6
1275,52,THEFT OF SERVICES,1
1276,52,MURDER & NON-NEGL. MANSLAUGHTE,42
1277,52,ROBBERY,192
1278,52,FRAUDS,7
1279,52,OFFENSES RELATED TO CHILDREN,1
1280,52,FELONY ASSAULT,308
1281,52,OFFENSES AGAINST PUBLIC ADMINI,106
1282,52,MISCELLANEOUS PENAL LAW,106
1283,52,ALCOHOLIC BEVERAGE CONTROL LAW,1
1284,52,NYS LAWS-UNCLASSIFIED FELONY,15
1285,52,CRIMINAL TRESPASS,24
1286,52,VEHICLE AND TRAFFIC LAWS,60
1287,52,OFFENSES AGAINST THE PERSON,36
1288,52,SEX CRIMES,43
1289,52,POSSESSION OF STOLEN PROPERTY,26
1290,52,MOVING INFRACTIONS,2
1291,52,GRAND LARCENY,93
1292,52,FORGERY,26
1293,52,KIDNAPPING & RELATED OFFENSES,1
1294,52,THEFT-FRAUD,2
1295,52,INTOXICATED/IMPAIRED DRIVING,7
1296,52,ARSON,1
1297,52,OFF. AGNST PUB ORD SENSBLTY &,99
1298,52,BURGLAR'S TOOLS,14
1299,52,PETIT LARCENY,253
1300,52,OTHER STATE LAWS,8
1301,52,FOR OTHER AUTHORITIES,41
1302,52,ADMINISTRATIVE CODE,4
1303,52,DANGEROUS WEAPONS,146
1304,52,JOSTLING,3
1305,52,INTOXICATED & IMPAIRED DRIVING,45
1306,52,ASSAULT 3 & RELATED OFFENSES,619
1307,52,UNAUTHORIZED USE OF A VEHICLE,6
1308,52,OTHER STATE LAWS (NON PENAL LA,4
1309,52,DANGEROUS DRUGS,466
1310,52,OTHER OFFENSES RELATED TO THEF,28
1311,52,OTHER TRAFFIC INFRACTION,7
1312,52,ANTICIPATORY OFFENSES,5
1313,52,BURGLARY,65
1314,52,RAPE,9
1315,52,GRAND LARCENY OF MOTOR VEHICLE,38
1316,52,PROSTITUTION & RELATED OFFENSES,1
1317,52,CHILD ABANDONMENT/NON SUPPORT,3
1318,52,OFFENSES AGAINST PUBLIC SAFETY,3
1319,52,CRIMINAL MISCHIEF & RELATED OF,179
1320,52,OFFENSES INVOLVING FRAUD,50
1321,60,KIDNAPPING & RELATED OFFENSES,2
1322,60,BURGLARY,67
1323,60,GRAND LARCENY,86
1324,60,DANGEROUS DRUGS,290
1325,60,OTHER STATE LAWS,32
1326,60,NYS LAWS-UNCLASSIFIED FELONY,6
1327,60,FOR OTHER AUTHORITIES,6
1328,60,FORGERY,27
1329,60,POSSESSION OF STOLEN PROPERTY,26
1330,60,GAMBLING,6
1331,60,OFFENSES AGAINST THE PERSON,6
1332,60,VEHICLE AND TRAFFIC LAWS,88
1333,60,ASSAULT 3 & RELATED OFFENSES,283
1334,60,DANGEROUS WEAPONS,144
1335,60,UNAUTHORIZED USE OF A VEHICLE,10
1336,60,INTOXICATED/IMPAIRED DRIVING,4
1337,60,FELONY ASSAULT,187
1338,60,OFFENSES AGAINST PUBLIC ADMINI,45
1339,60,OTHER OFFENSES RELATED TO THEF,15
1340,60,OFFENSES INVOLVING FRAUD,59
1341,60,OTHER TRAFFIC INFRACTION,22
1342,60,THEFT OF SERVICES,1
1343,60,ADMINISTRATIVE CODE,8
1344,60,MISCELLANEOUS PENAL LAW,167
1345,60,OTHER STATE LAWS (NON PENAL LA,8
1346,60,SEX CRIMES,21
1347,60,ROBBERY,135
1348,60,OFFENSES AGAINST PUBLIC SAFETY,3
1349,60,OFF. AGNST PUB ORD SENSBLTY &,41
1350,60,ALCOHOLIC BEVERAGE CONTROL LAW,8
1351,60,RAPE,1
1352,60,THEFT-FRAUD,1
1353,60,CRIMINAL TRESPASS,18
1354,60,DISORDERLY CONDUCT,1
1355,60,INTOXICATED & IMPAIRED DRIVING,32
1356,60,ARSON,3
1357,60,GRAND LARCENY OF MOTOR VEHICLE,18
1358,60,BURGLAR'S TOOLS,9
1359,60,CRIMINAL MISCHIEF & RELATED OF,105
1360,60,HARRASSMENT 2,1
1361,60,FRAUDS,3
1362,60,MURDER & NON-NEGL. MANSLAUGHTE,10
1363,60,PETIT LARCENY,213
1364,61,OFFENSES INVOLVING FRAUD,4
1365,61,UNAUTHORIZED USE OF A VEHICLE,12
1366,61,GRAND LARCENY OF MOTOR VEHICLE,12
1367,61,FRAUDS,5
1368,61,CRIMINAL TRESPASS,15
1369,61,RAPE,3
1370,61,MURDER & NON-NEGL. MANSLAUGHTE,5
1371,61,OTHER STATE LAWS,1
1372,61,INTOXICATED/IMPAIRED DRIVING,5
1373,61,OTHER TRAFFIC INFRACTION,16
1374,61,BURGLARY,64
1375,61,DANGEROUS DRUGS,70
1376,61,OFFENSES AGAINST PUBLIC SAFETY,1
1377,61,FOR OTHER AUTHORITIES,1
1378,61,FORGERY,33
1379,61,ENDAN WELFARE INCOMP,1
1380,61,PROSTITUTION & RELATED OFFENSES,4
1381,61,VEHICLE AND TRAFFIC LAWS,55
1382,61,GRAND LARCENY,47
1383,61,NYS LAWS-UNCLASSIFIED FELONY,5
1384,61,ARSON,3
1385,61,ROBBERY,74
1386,61,BURGLAR'S TOOLS,6
1387,61,PETIT LARCENY,168
1388,61,OTHER STATE LAWS (NON PENAL LA,2
1389,61,THEFT-FRAUD,2
1390,61,FELONY ASSAULT,161
1391,61,OFFENSES AGAINST PUBLIC ADMINI,26
1392,61,POSSESSION OF STOLEN PROPERTY,26
1393,61,OTHER OFFENSES RELATED TO THEF,8
1394,61,SEX CRIMES,23
1395,61,ASSAULT 3 & RELATED OFFENSES,206
1396,61,OFFENSES AGAINST THE PERSON,8
1397,61,INTOXICATED & IMPAIRED DRIVING,29
1398,61,CRIMINAL MISCHIEF & RELATED OF,79
1399,61,OFF. AGNST PUB ORD SENSBLTY &,29
1400,61,DANGEROUS WEAPONS,42
1401,61,MISCELLANEOUS PENAL LAW,144
1402,62,OFF. AGNST PUB ORD SENSBLTY &,12
1403,62,OFFENSES RELATED TO CHILDREN,3
1404,62,POSSESSION OF STOLEN PROPERTY,15
1405,62,CRIMINAL TRESPASS,15
1406,62,NYS LAWS-UNCLASSIFIED FELONY,7
1407,62,OFFENSES AGAINST PUBLIC ADMINI,21
1408,62,OTHER TRAFFIC INFRACTION,3
1409,62,RAPE,3
1410,62,UNAUTHORIZED USE OF A VEHICLE,4
1411,62,MISCELLANEOUS PENAL LAW,126
1412,62,GRAND LARCENY,50
1413,62,ALCOHOLIC BEVERAGE CONTROL LAW,4
1414,62,CRIMINAL MISCHIEF & RELATED OF,52
1415,62,BURGLARY,36
1416,62,DISORDERLY CONDUCT,1
1417,62,SEX CRIMES,23
1418,62,OTHER STATE LAWS,4
1419,62,FORGERY,10
1420,62,OFFENSES AGAINST THE PERSON,10
1421,62,ENDAN WELFARE INCOMP,1
1422,62,MURDER & NON-NEGL. MANSLAUGHTE,6
1423,62,VEHICLE AND TRAFFIC LAWS,32
1424,62,DANGEROUS WEAPONS,16
1425,62,ASSAULT 3 & RELATED OFFENSES,250
1426,62,ADMINISTRATIVE CODE,8
1427,62,PETIT LARCENY,144
1428,62,OTHER OFFENSES RELATED TO THEF,6
1429,62,BURGLAR'S TOOLS,3
1430,62,ROBBERY,68
1431,62,INTOXICATED & IMPAIRED DRIVING,35
1432,62,FOR OTHER AUTHORITIES,3
1433,62,GRAND LARCENY OF MOTOR VEHICLE,3
1434,62,FELONY ASSAULT,95
1435,62,OTHER STATE LAWS (NON PENAL LA,9
1436,62,INTOXICATED/IMPAIRED DRIVING,2
1437,62,OFFENSES INVOLVING FRAUD,9
1438,62,THEFT-FRAUD,1
1439,62,PROSTITUTION & RELATED OFFENSES,1
1440,62,DANGEROUS DRUGS,67
1441,62,KIDNAPPING & RELATED OFFENSES,1
1442,62,FRAUDS,1
1443,63,INTOXICATED/IMPAIRED DRIVING,3
1444,63,GRAND LARCENY,132
1445,63,BURGLAR'S TOOLS,8
1446,63,ADMINISTRATIVE CODE,1
1447,63,OFFENSES AGAINST THE PERSON,9
1448,63,SEX CRIMES,18
1449,63,THEFT-FRAUD,3
1450,63,MURDER & NON-NEGL. MANSLAUGHTE,9
1451,63,FELONY ASSAULT,110
1452,63,ASSAULT 3 & RELATED OFFENSES,183
1453,63,ARSON,1
1454,63,UNAUTHORIZED USE OF A VEHICLE,8
1455,63,OTHER TRAFFIC INFRACTION,25
1456,63,DANGEROUS WEAPONS,76
1457,63,MISCELLANEOUS PENAL LAW,87
1458,63,RAPE,1
1459,63,CRIMINAL TRESPASS,12
1460,63,OFFENSES INVOLVING FRAUD,10
1461,63,GRAND LARCENY OF MOTOR VEHICLE,27
1462,63,OTHER OFFENSES RELATED TO THEF,1
1463,63,OTHER STATE LAWS (NON PENAL LA,2
1464,63,OFFENSES AGAINST PUBLIC SAFETY,2
1465,63,VEHICLE AND TRAFFIC LAWS,68
1466,63,OTHER STATE LAWS,1
1467,63,OFFENSES AGAINST PUBLIC ADMINI,17
1468,63,DANGEROUS DRUGS,26
1469,63,KIDNAPPING & RELATED OFFENSES,1
1470,63,FRAUDS,2
1471,63,ALCOHOLIC BEVERAGE CONTROL LAW,2
1472,63,BURGLARY,28
1473,63,POSSESSION OF STOLEN PROPERTY,11
1474,63,CRIMINAL MISCHIEF & RELATED OF,80
1475,63,PETIT LARCENY,216
1476,63,ROBBERY,71
1477,63,OFF. AGNST PUB ORD SENSBLTY &,45
1478,63,INTOXICATED & IMPAIRED DRIVING,18
1479,63,FOR OTHER AUTHORITIES,2
1480,63,FORGERY,26
1481,63,NYS LAWS-UNCLASSIFIED FELONY,15
1482,66,ALCOHOLIC BEVERAGE CONTROL LAW,2
1483,66,GRAND LARCENY OF MOTOR VEHICLE,2
1484,66,OFFENSES AGAINST PUBLIC ADMINI,4
1485,66,BURGLAR'S TOOLS,8
1486,66,MURDER & NON-NEGL. MANSLAUGHTE,3
1487,66,OTHER OFFENSES RELATED TO THEF,2
1488,66,INTOXICATED/IMPAIRED DRIVING,9
1489,66,FORGERY,3
1490,66,THEFT-FRAUD,3
1491,66,PROSTITUTION & RELATED OFFENSES,4
1492,66,GAMBLING,3
1493,66,CRIMINAL TRESPASS,10
1494,66,NYS LAWS-UNCLASSIFIED FELONY,7
1495,66,FOR OTHER AUTHORITIES,6
1496,66,VEHICLE AND TRAFFIC LAWS,12
1497,66,UNAUTHORIZED USE OF A VEHICLE,12
1498,66,RAPE,2
1499,66,HARRASSMENT 2,1
1500,66,OTHER TRAFFIC INFRACTION,2
1501,66,OTHER STATE LAWS (NON PENAL LA,2
1502,66,OTHER STATE LAWS,2
1503,66,OFFENSES AGAINST THE PERSON,2
1504,66,ADMINISTRATIVE CODE,1
1505,66,OFFENSES AGAINST PUBLIC SAFETY,1
1506,66,SEX CRIMES,25
1507,66,MISCELLANEOUS PENAL LAW,68
1508,66,OFF. AGNST PUB ORD SENSBLTY &,20
1509,66,DANGEROUS DRUGS,18
1510,66,GRAND LARCENY,53
1511,66,BURGLARY,49
1512,66,CRIMINAL MISCHIEF & RELATED OF,77
1513,66,POSSESSION OF STOLEN PROPERTY,16
1514,66,FELONY ASSAULT,109
1515,66,PETIT LARCENY,138
1516,66,ASSAULT 3 & RELATED OFFENSES,185
1517,66,DANGEROUS WEAPONS,15
1518,66,INTOXICATED & IMPAIRED DRIVING,34
1519,66,ROBBERY,62
1520,67,FELONY ASSAULT,346
1521,67,OFFENSES RELATED TO CHILDREN,5
1522,67,OTHER OFFENSES RELATED TO THEF,5
1523,67,MURDER & NON-NEGL. MANSLAUGHTE,15
1524,67,ADMINISTRATIVE CODE,4
1525,67,ALCOHOLIC BEVERAGE CONTROL LAW,22
1526,67,INTOXICATED & IMPAIRED DRIVING,22
1527,67,DANGEROUS DRUGS,161
1528,67,FRAUDS,4
1529,67,OTHER STATE LAWS (NON PENAL LA,8
1530,67,ROBBERY,127
1531,67,OTHER TRAFFIC INFRACTION,44
1532,67,VEHICLE AND TRAFFIC LAWS,102
1533,67,OFFENSES INVOLVING FRAUD,81
1534,67,ASSAULT 3 & RELATED OFFENSES,423
1535,67,FORGERY,75
1536,67,RAPE,10
1537,67,ARSON,10
1538,67,NYS LAWS-UNCLASSIFIED FELONY,18
1539,67,POSSESSION OF STOLEN PROPERTY,20
1540,67,CRIMINAL TRESPASS,26
1541,67,FOR OTHER AUTHORITIES,3
1542,67,BURGLAR'S TOOLS,3
1543,67,INTOXICATED/IMPAIRED DRIVING,3
1544,67,GAMBLING,9
1545,67,GRAND LARCENY,61
1546,67,OFFENSES AGAINST PUBLIC ADMINI,67
1547,67,OFF. AGNST PUB ORD SENSBLTY &,64
1548,67,PETIT LARCENY,61
1549,67,BURGLARY,62
1550,67,SEX CRIMES,34
1551,67,GRAND LARCENY OF MOTOR VEHICLE,31
1552,67,CRIMINAL MISCHIEF & RELATED OF,131
1553,67,THEFT-FRAUD,1
1554,67,UNAUTHORIZED USE OF A VEHICLE,14
1555,67,KIDNAPPING & RELATED OFFENSES,1
1556,67,DANGEROUS WEAPONS,253
1557,67,MISCELLANEOUS PENAL LAW,271
1558,67,OFFENSES AGAINST PUBLIC SAFETY,1
1559,67,OFFENSES AGAINST THE PERSON,14
1560,68,DANGEROUS DRUGS,204
1561,68,NYS LAWS-UNCLASSIFIED FELONY,15
1562,68,POSSESSION OF STOLEN PROPERTY,15
1563,68,INTOXICATED & IMPAIRED DRIVING,60
1564,68,GRAND LARCENY,29
1565,68,ROBBERY,29
1566,68,MURDER & NON-NEGL. MANSLAUGHTE,6
1567,68,GRAND LARCENY OF MOTOR VEHICLE,15
1568,68,VEHICLE AND TRAFFIC LAWS,141
1569,68,OFFENSES AGAINST PUBLIC ADMINI,20
1570,68,PROSTITUTION & RELATED OFFENSES,4
1571,68,ASSAULT 3 & RELATED OFFENSES,151
1572,68,MISCELLANEOUS PENAL LAW,119
1573,68,OFFENSES AGAINST THE PERSON,11
1574,68,OFF. AGNST PUB ORD SENSBLTY &,11
1575,68,INTOXICATED/IMPAIRED DRIVING,11
1576,68,DANGEROUS WEAPONS,105
1577,68,OFFENSES AGAINST PUBLIC SAFETY,1
1578,68,ALCOHOLIC BEVERAGE CONTROL LAW,1
1579,68,PETIT LARCENY,97
1580,68,OTHER STATE LAWS (NON PENAL LA,16
1581,68,CRIMINAL MISCHIEF & RELATED OF,48
1582,68,OTHER OFFENSES RELATED TO THEF,3
1583,68,FELONY ASSAULT,87
1584,68,UNAUTHORIZED USE OF A VEHICLE,3
1585,68,BURGLARY,29
1586,68,SEX CRIMES,23
1587,68,OTHER TRAFFIC INFRACTION,29
1588,68,FORGERY,17
1589,68,OFFENSES INVOLVING FRAUD,23
1590,68,FOR OTHER AUTHORITIES,7
1591,68,RAPE,5
1592,68,CRIMINAL TRESPASS,14
1593,68,OTHER STATE LAWS,2
1594,68,BURGLAR'S TOOLS,2
1595,69,FORGERY,21
1596,69,BURGLARY,22
1597,69,PETIT LARCENY,29
1598,69,INTOXICATED/IMPAIRED DRIVING,4
1599,69,FELONY ASSAULT,123
1600,69,OTHER TRAFFIC INFRACTION,5
1601,69,ENDAN WELFARE INCOMP,1
1602,69,UNAUTHORIZED USE OF A VEHICLE,7
1603,69,GAMBLING,3
1604,69,VEHICLE AND TRAFFIC LAWS,44
1605,69,CRIMINAL TRESPASS,3
1606,69,OFF. AGNST PUB ORD SENSBLTY &,22
1607,69,DANGEROUS WEAPONS,101
1608,69,ADMINISTRATIVE CODE,2
1609,69,SEX CRIMES,17
1610,69,FRAUDS,2
1611,69,MISCELLANEOUS PENAL LAW,94
1612,69,OTHER STATE LAWS (NON PENAL LA,2
1613,69,POSSESSION OF STOLEN PROPERTY,21
1614,69,PROSTITUTION & RELATED OFFENSES,2
1615,69,ROBBERY,46
1616,69,DANGEROUS DRUGS,47
1617,69,THEFT-FRAUD,3
1618,69,RAPE,3
1619,69,INTOXICATED & IMPAIRED DRIVING,25
1620,69,ASSAULT 3 & RELATED OFFENSES,217
1621,69,GRAND LARCENY OF MOTOR VEHICLE,20
1622,69,MURDER & NON-NEGL. MANSLAUGHTE,8
1623,69,OFFENSES INVOLVING FRAUD,8
1624,69,OTHER OFFENSES RELATED TO THEF,4
1625,69,OTHER STATE LAWS,4
1626,69,GRAND LARCENY,35
1627,69,OFFENSES AGAINST THE PERSON,8
1628,69,FOR OTHER AUTHORITIES,4
1629,69,OFFENSES AGAINST PUBLIC ADMINI,18
1630,69,CRIMINAL MISCHIEF & RELATED OF,55
1631,69,NYS LAWS-UNCLASSIFIED FELONY,4
1632,70,OTHER OFFENSES RELATED TO THEF,7
1633,70,INTOXICATED/IMPAIRED DRIVING,4
1634,70,OFFENSES AGAINST PUBLIC SAFETY,1
1635,70,KIDNAPPING & RELATED OFFENSES,1
1636,70,BURGLARY,90
1637,70,INTOXICATED & IMPAIRED DRIVING,32
1638,70,UNAUTHORIZED USE OF A VEHICLE,3
1639,70,DANGEROUS WEAPONS,85
1640,70,GAMBLING,1
1641,70,GRAND LARCENY,84
1642,70,FOR OTHER AUTHORITIES,1
1643,70,POSSESSION OF STOLEN PROPERTY,10
1644,70,OFF. AGNST PUB ORD SENSBLTY &,47
1645,70,ADMINISTRATIVE CODE,2
1646,70,RAPE,5
1647,70,SEX CRIMES,39
1648,70,FRAUDS,3
1649,70,CRIMINAL TRESPASS,12
1650,70,OFFENSES AGAINST PUBLIC ADMINI,25
1651,70,OTHER STATE LAWS (NON PENAL LA,1
1652,70,OTHER STATE LAWS,6
1653,70,GRAND LARCENY OF MOTOR VEHICLE,25
1654,70,ALCOHOLIC BEVERAGE CONTROL LAW,1
1655,70,MURDER & NON-NEGL. MANSLAUGHTE,22
1656,70,OFFENSES AGAINST THE PERSON,8
1657,70,OTHER TRAFFIC INFRACTION,15
1658,70,FELONY ASSAULT,222
1659,70,ENDAN WELFARE INCOMP,1
1660,70,BURGLAR'S TOOLS,5
1661,70,ASSAULT 3 & RELATED OFFENSES,348
1662,70,FORGERY,45
1663,70,ROBBERY,112
1664,70,DANGEROUS DRUGS,163
1665,70,VEHICLE AND TRAFFIC LAWS,50
1666,70,OFFENSES INVOLVING FRAUD,14
1667,70,CRIMINAL MISCHIEF & RELATED OF,105
1668,70,PETIT LARCENY,166
1669,70,THEFT OF SERVICES,1
1670,70,MISCELLANEOUS PENAL LAW,163
1671,70,NYS LAWS-UNCLASSIFIED FELONY,8
1672,71,OFFENSES AGAINST PUBLIC ADMINI,57
1673,71,BURGLARY,70
1674,71,FRAUDS,2
1675,71,ROBBERY,52
1676,71,FORGERY,60
1677,71,OFFENSES INVOLVING FRAUD,16
1678,71,OTHER TRAFFIC INFRACTION,16
1679,71,GRAND LARCENY,33
1680,71,GAMBLING,14
1681,71,FELONY ASSAULT,170
1682,71,MURDER & NON-NEGL. MANSLAUGHTE,11
1683,71,FOR OTHER AUTHORITIES,1
1684,71,SEX CRIMES,8
1685,71,ASSAULT 3 & RELATED OFFENSES,256
1686,71,HARRASSMENT 2,2
1687,71,VEHICLE AND TRAFFIC LAWS,43
1688,71,POSSESSION OF STOLEN PROPERTY,16
1689,71,OTHER STATE LAWS (NON PENAL LA,6
1690,71,PROSTITUTION & RELATED OFFENSES,1
1691,71,OFF. AGNST PUB ORD SENSBLTY &,21
1692,71,MISCELLANEOUS PENAL LAW,117
1693,71,GRAND LARCENY OF MOTOR VEHICLE,33
1694,71,PETIT LARCENY,112
1695,71,UNAUTHORIZED USE OF A VEHICLE,4
1696,71,DANGEROUS WEAPONS,104
1697,71,ARSON,1
1698,71,ADMINISTRATIVE CODE,1
1699,71,OTHER OFFENSES RELATED TO THEF,10
1700,71,DANGEROUS DRUGS,99
1701,71,NYS LAWS-UNCLASSIFIED FELONY,1
1702,71,INTOXICATED & IMPAIRED DRIVING,16
1703,71,INTOXICATED/IMPAIRED DRIVING,4
1704,71,CRIMINAL TRESPASS,21
1705,71,BURGLAR'S TOOLS,1
1706,71,AGRICULTURE & MRKTS LAW-UNCLASSIFIED,1
1707,71,CRIMINAL MISCHIEF & RELATED OF,80
1708,71,OTHER STATE LAWS,1
1709,71,OFFENSES AGAINST THE PERSON,6
1710,71,RAPE,1
1711,72,POSSESSION OF STOLEN PROPERTY,20
1712,72,OTHER TRAFFIC INFRACTION,23
1713,72,BURGLAR'S TOOLS,19
1714,72,FORGERY,24
1715,72,NYS LAWS-UNCLASSIFIED FELONY,5
1716,72,OTHER STATE LAWS,9
1717,72,CRIMINAL TRESPASS,59
1718,72,OTHER STATE LAWS (NON PENAL LA,7
1719,72,OFF. AGNST PUB ORD SENSBLTY &,41
1720,72,PROSTITUTION & RELATED OFFENSES,6
1721,72,UNAUTHORIZED USE OF A VEHICLE,8
1722,72,OTHER OFFENSES RELATED TO THEF,22
1723,72,RAPE,3
1724,72,OFFENSES AGAINST PUBLIC ADMINI,44
1725,72,FRAUDS,6
1726,72,GRAND LARCENY OF MOTOR VEHICLE,13
1727,72,INTOXICATED/IMPAIRED DRIVING,9
1728,72,OFFENSES INVOLVING FRAUD,3
1729,72,FOR OTHER AUTHORITIES,24
1730,72,SEX CRIMES,44
1731,72,ADMINISTRATIVE CODE,13
1732,72,VEHICLE AND TRAFFIC LAWS,93
1733,72,GAMBLING,11
1734,72,OFFENSES AGAINST THE PERSON,14
1735,72,BURGLARY,84
1736,72,ALCOHOLIC BEVERAGE CONTROL LAW,2
1737,72,HARRASSMENT 2,2
1738,72,DANGEROUS WEAPONS,18
1739,72,FELONY ASSAULT,164
1740,72,GRAND LARCENY,79
1741,72,PETIT LARCENY,224
1742,72,ARSON,1
1743,72,DISORDERLY CONDUCT,1
1744,72,DANGEROUS DRUGS,103
1745,72,KIDNAPPING & RELATED OFFENSES,1
1746,72,ASSAULT 3 & RELATED OFFENSES,355
1747,72,ROBBERY,107
1748,72,MURDER & NON-NEGL. MANSLAUGHTE,12
1749,72,INTOXICATED & IMPAIRED DRIVING,68
1750,72,THEFT-FRAUD,1
1751,72,CRIMINAL MISCHIEF & RELATED OF,123
1752,72,MISCELLANEOUS PENAL LAW,159
1753,72,OFFENSES AGAINST PUBLIC SAFETY,1
1754,73,OFFENSES AGAINST THE PERSON,16
1755,73,OTHER TRAFFIC INFRACTION,6
1756,73,ADMINISTRATIVE CODE,4
1757,73,CRIMINAL MISCHIEF & RELATED OF,145
1758,73,ARSON,5
1759,73,POSSESSION OF STOLEN PROPERTY,31
1760,73,OTHER OFFENSES RELATED TO THEF,46
1761,73,NYS LAWS-UNCLASSIFIED FELONY,13
1762,73,FRAUDS,10
1763,73,FELONY ASSAULT,303
1764,73,UNAUTHORIZED USE OF A VEHICLE,6
1765,73,OFF. AGNST PUB ORD SENSBLTY &,41
1766,73,THEFT OF SERVICES,4
1767,73,DANGEROUS DRUGS,223
1768,73,PROSTITUTION & RELATED OFFENSES,4
1769,73,CRIMINAL TRESPASS,12
1770,73,MISCELLANEOUS PENAL LAW,227
1771,73,OTHER STATE LAWS (NON PENAL LA,12
1772,73,MOVING INFRACTIONS,1
1773,73,OTHER STATE LAWS,21
1774,73,VEHICLE AND TRAFFIC LAWS,42
1775,73,ROBBERY,160
1776,73,INTOXICATED & IMPAIRED DRIVING,30
1777,73,BURGLAR'S TOOLS,3
1778,73,GRAND LARCENY OF MOTOR VEHICLE,58
1779,73,FOR OTHER AUTHORITIES,9
1780,73,DANGEROUS WEAPONS,433
1781,73,SEX CRIMES,36
1782,73,ANTICIPATORY OFFENSES,9
1783,73,RAPE,2
1784,73,OFFENSES AGAINST PUBLIC SAFETY,2
1785,73,DISORDERLY CONDUCT,2
1786,73,AGRICULTURE & MRKTS LAW-UNCLASSIFIED,1
1787,73,MURDER & NON-NEGL. MANSLAUGHTE,35
1788,73,BURGLARY,51
1789,73,ASSAULT 3 & RELATED OFFENSES,453
1790,73,FORGERY,64
1791,73,OFFENSES AGAINST PUBLIC ADMINI,72
1792,73,INTOXICATED/IMPAIRED DRIVING,5
1793,73,HARRASSMENT 2,1
1794,73,PETIT LARCENY,75
1795,73,GAMBLING,20
1796,73,GRAND LARCENY,62
1797,73,KIDNAPPING & RELATED OFFENSES,1
1798,73,OFFENSES INVOLVING FRAUD,14
1799,73,ALCOHOLIC BEVERAGE CONTROL LAW,6
1800,75,ARSON,1
1801,75,BURGLARY,141
1802,75,OFFENSES AGAINST THE PERSON,15
1803,75,OFFENSES AGAINST PUBLIC SAFETY,1
1804,75,CRIMINAL MISCHIEF & RELATED OF,182
1805,75,MURDER & NON-NEGL. MANSLAUGHTE,37
1806,75,INTOXICATED & IMPAIRED DRIVING,34
1807,75,MOVING INFRACTIONS,1
1808,75,THEFT-FRAUD,1
1809,75,ALCOHOLIC BEVERAGE CONTROL LAW,33
1810,75,RAPE,4
1811,75,DISORDERLY CONDUCT,1
1812,75,UNAUTHORIZED USE OF A VEHICLE,15
1813,75,OTHER STATE LAWS,15
1814,75,INTOXICATED/IMPAIRED DRIVING,6
1815,75,ROBBERY,360
1816,75,ANTICIPATORY OFFENSES,7
1817,75,CRIMINAL TRESPASS,24
1818,75,AGRICULTURE & MRKTS LAW-UNCLASSIFIED,3
1819,75,GRAND LARCENY OF MOTOR VEHICLE,53
1820,75,DANGEROUS WEAPONS,363
1821,75,ADMINISTRATIVE CODE,2
1822,75,CHILD ABANDONMENT/NON SUPPORT,2
1823,75,BURGLAR'S TOOLS,13
1824,75,HARRASSMENT 2,2
1825,75,KIDNAPPING & RELATED OFFENSES,2
1826,75,POSSESSION OF STOLEN PROPERTY,69
1827,75,GAMBLING,6
1828,75,OTHER OFFENSES RELATED TO THEF,26
1829,75,ASSAULT 3 & RELATED OFFENSES,516
1830,75,THEFT OF SERVICES,9
1831,75,FELONY ASSAULT,521
1832,75,VEHICLE AND TRAFFIC LAWS,77
1833,75,PETIT LARCENY,135
1834,75,NYS LAWS-UNCLASSIFIED FELONY,17
1835,75,OFFENSES INVOLVING FRAUD,24
1836,75,OTHER STATE LAWS (NON PENAL LA,6
1837,75,PROSTITUTION & RELATED OFFENSES,11
1838,75,GRAND LARCENY,107
1839,75,OTHER TRAFFIC INFRACTION,21
1840,75,FORGERY,99
1841,75,OFF. AGNST PUB ORD SENSBLTY &,91
1842,75,FOR OTHER AUTHORITIES,10
1843,75,FRAUDS,7
1844,75,SEX CRIMES,46
1845,75,MISCELLANEOUS PENAL LAW,343
1846,75,OFFENSES AGAINST PUBLIC ADMINI,83
1847,75,DANGEROUS DRUGS,249
1848,76,GRAND LARCENY OF MOTOR VEHICLE,5
1849,76,POSSESSION OF STOLEN PROPERTY,13
1850,76,MURDER & NON-NEGL. MANSLAUGHTE,6
1851,76,INTOXICATED & IMPAIRED DRIVING,14
1852,76,CRIMINAL MISCHIEF & RELATED OF,23
1853,76,ENDAN WELFARE INCOMP,1
1854,76,ARSON,1
1855,76,GRAND LARCENY,28
1856,76,OTHER STATE LAWS,6
1857,76,CRIMINAL TRESPASS,9
1858,76,KIDNAPPING & RELATED OFFENSES,1
1859,76,OTHER TRAFFIC INFRACTION,34
1860,76,ASSAULT 3 & RELATED OFFENSES,88
1861,76,BURGLAR'S TOOLS,3
1862,76,SEX CRIMES,3
1863,76,OFF. AGNST PUB ORD SENSBLTY &,10
1864,76,OTHER OFFENSES RELATED TO THEF,3
1865,76,ADMINISTRATIVE CODE,3
1866,76,BURGLARY,48
1867,76,PETIT LARCENY,74
1868,76,DANGEROUS DRUGS,72
1869,76,FELONY ASSAULT,56
1870,76,MISCELLANEOUS PENAL LAW,70
1871,76,FRAUDS,2
1872,76,FORGERY,20
1873,76,VEHICLE AND TRAFFIC LAWS,62
1874,76,OFFENSES AGAINST PUBLIC ADMINI,11
1875,76,NYS LAWS-UNCLASSIFIED FELONY,4
1876,76,OTHER STATE LAWS (NON PENAL LA,2
1877,76,FOR OTHER AUTHORITIES,4
1878,76,ROBBERY,37
1879,76,OFFENSES INVOLVING FRAUD,1
1880,76,DANGEROUS WEAPONS,40
1881,76,INTOXICATED/IMPAIRED DRIVING,4
1882,76,UNAUTHORIZED USE OF A VEHICLE,4
1883,77,SEX CRIMES,126
1884,77,ENDAN WELFARE INCOMP,1
1885,77,OTHER STATE LAWS (NON PENAL LA,1
1886,77,FRAUDS,2
1887,77,THEFT-FRAUD,1
1888,77,CRIMINAL MISCHIEF & RELATED OF,72
1889,77,ANTICIPATORY OFFENSES,1
1890,77,AGRICULTURE & MRKTS LAW-UNCLASSIFIED,2
1891,77,ALCOHOLIC BEVERAGE CONTROL LAW,2
1892,77,FORGERY,39
1893,77,UNAUTHORIZED USE OF A VEHICLE,3
1894,77,GRAND LARCENY,55
1895,77,FELONY ASSAULT,183
1896,77,ASSAULT 3 & RELATED OFFENSES,349
1897,77,MISCELLANEOUS PENAL LAW,178
1898,77,NYS LAWS-UNCLASSIFIED FELONY,6
1899,77,OTHER STATE LAWS,6
1900,77,DANGEROUS WEAPONS,165
1901,77,PETIT LARCENY,63
1902,77,DANGEROUS DRUGS,151
1903,77,RAPE,88
1904,77,OFF. AGNST PUB ORD SENSBLTY &,42
1905,77,ROBBERY,230
1906,77,VEHICLE AND TRAFFIC LAWS,45
1907,77,GAMBLING,4
1908,77,OFFENSES AGAINST PUBLIC ADMINI,45
1909,77,INTOXICATED/IMPAIRED DRIVING,4
1910,77,ARSON,2
1911,77,BURGLARY,82
1912,77,BURGLAR'S TOOLS,3
1913,77,KIDNAPPING & RELATED OFFENSES,3
1914,77,FOR OTHER AUTHORITIES,11
1915,77,MURDER & NON-NEGL. MANSLAUGHTE,19
1916,77,OFFENSES AGAINST THE PERSON,8
1917,77,INTOXICATED & IMPAIRED DRIVING,19
1918,77,GRAND LARCENY OF MOTOR VEHICLE,13
1919,77,OFFENSES INVOLVING FRAUD,10
1920,77,OTHER OFFENSES RELATED TO THEF,24
1921,77,OTHER TRAFFIC INFRACTION,19
1922,77,POSSESSION OF STOLEN PROPERTY,24
1923,77,CRIMINAL TRESPASS,12
1924,78,MISCELLANEOUS PENAL LAW,21
1925,78,POSSESSION OF STOLEN PROPERTY,9
1926,78,SEX CRIMES,9
1927,78,OFF. AGNST PUB ORD SENSBLTY &,45
1928,78,VEHICLE AND TRAFFIC LAWS,30
1929,78,DANGEROUS WEAPONS,18
1930,78,OTHER OFFENSES RELATED TO THEF,23
1931,78,FORGERY,17
1932,78,BURGLAR'S TOOLS,6
1933,78,BURGLARY,30
1934,78,INTOXICATED/IMPAIRED DRIVING,4
1935,78,FRAUDS,1
1936,78,DISORDERLY CONDUCT,1
1937,78,CRIMINAL TRESPASS,12
1938,78,HARRASSMENT 2,1
1939,78,KIDNAPPING & RELATED OFFENSES,1
1940,78,NYS LAWS-UNCLASSIFIED FELONY,1
1941,78,OFFENSES AGAINST PUBLIC ADMINI,31
1942,78,DANGEROUS DRUGS,53
1943,78,THEFT-FRAUD,1
1944,78,GRAND LARCENY,56
1945,78,PETIT LARCENY,167
1946,78,FELONY ASSAULT,48
1947,78,GRAND LARCENY OF MOTOR VEHICLE,3
1948,78,PROSTITUTION & RELATED OFFENSES,3
1949,78,OTHER TRAFFIC INFRACTION,20
1950,78,INTOXICATED & IMPAIRED DRIVING,13
1951,78,FOR OTHER AUTHORITIES,5
1952,78,CRIMINAL MISCHIEF & RELATED OF,25
1953,78,ASSAULT 3 & RELATED OFFENSES,97
1954,78,OTHER STATE LAWS (NON PENAL LA,2
1955,78,OTHER STATE LAWS,2
1956,78,ROBBERY,26
1957,78,RAPE,2
1958,78,OFFENSES AGAINST THE PERSON,4
1959,78,OFFENSES INVOLVING FRAUD,2
1960,78,UNAUTHORIZED USE OF A VEHICLE,2
1961,79,MISCELLANEOUS PENAL LAW,217
1962,79,ALCOHOLIC BEVERAGE CONTROL LAW,4
1963,79,BURGLARY,171
1964,79,ASSAULT 3 & RELATED OFFENSES,332
1965,79,BURGLAR'S TOOLS,11
1966,79,NYS LAWS-UNCLASSIFIED FELONY,11
1967,79,FOR OTHER AUTHORITIES,7
1968,79,ROBBERY,116
1969,79,OTHER OFFENSES RELATED TO THEF,35
1970,79,GRAND LARCENY OF MOTOR VEHICLE,21
1971,79,CRIMINAL MISCHIEF & RELATED OF,128
1972,79,GAMBLING,27
1973,79,OTHER STATE LAWS (NON PENAL LA,15
1974,79,FELONY ASSAULT,219
1975,79,OFFENSES INVOLVING FRAUD,1
1976,79,PETIT LARCENY,256
1977,79,VEHICLE AND TRAFFIC LAWS,48
1978,79,OTHER STATE LAWS,5
1979,79,DANGEROUS DRUGS,232
1980,79,OFFENSES AGAINST THE PERSON,7
1981,79,ADMINISTRATIVE CODE,5
1982,79,INTOXICATED/IMPAIRED DRIVING,3
1983,79,MOVING INFRACTIONS,3
1984,79,RAPE,3
1985,79,DANGEROUS WEAPONS,276
1986,79,DISORDERLY CONDUCT,1
1987,79,OFFENSES AGAINST PUBLIC ADMINI,87
1988,79,MURDER & NON-NEGL. MANSLAUGHTE,18
1989,79,POSSESSION OF STOLEN PROPERTY,18
1990,79,FRAUDS,6
1991,79,SEX CRIMES,37
1992,79,OFF. AGNST PUB ORD SENSBLTY &,25
1993,79,OTHER TRAFFIC INFRACTION,8
1994,79,GRAND LARCENY,50
1995,79,INTOXICATED & IMPAIRED DRIVING,14
1996,79,CRIMINAL TRESPASS,52
1997,79,FORGERY,44
1998,79,UNAUTHORIZED USE OF A VEHICLE,10
1999,81,ROBBERY,97
2000,81,DANGEROUS DRUGS,92
2001,81,OFF. AGNST PUB ORD SENSBLTY &,21
2002,81,ALCOHOLIC BEVERAGE CONTROL LAW,1
2003,81,FRAUDS,3
2004,81,NYS LAWS-UNCLASSIFIED FELONY,4
2005,81,INTOXICATED/IMPAIRED DRIVING,5
2006,81,OFFENSES AGAINST PUBLIC ADMINI,36
2007,81,SEX CRIMES,15
2008,81,FELONY ASSAULT,155
2009,81,FORGERY,28
2010,81,PROSTITUTION & RELATED OFFENSES,1
2011,81,OTHER OFFENSES RELATED TO THEF,12
2012,81,GRAND LARCENY OF MOTOR VEHICLE,20
2013,81,GAMBLING,1
2014,81,OTHER STATE LAWS,5
2015,81,OFFENSES INVOLVING FRAUD,9
2016,81,THEFT-FRAUD,1
2017,81,BURGLAR'S TOOLS,2
2018,81,OFFENSES AGAINST THE PERSON,3
2019,81,RAPE,7
2020,81,VEHICLE AND TRAFFIC LAWS,20
2021,81,UNAUTHORIZED USE OF A VEHICLE,7
2022,81,OTHER TRAFFIC INFRACTION,4
2023,81,CRIMINAL MISCHIEF & RELATED OF,65
2024,81,DANGEROUS WEAPONS,107
2025,81,PETIT LARCENY,53
2026,81,AGRICULTURE & MRKTS LAW-UNCLASSIFIED,2
2027,81,ASSAULT 3 & RELATED OFFENSES,191
2028,81,GRAND LARCENY,49
2029,81,ADMINISTRATIVE CODE,2
2030,81,OTHER STATE LAWS (NON PENAL LA,2
2031,81,INTOXICATED & IMPAIRED DRIVING,30
2032,81,POSSESSION OF STOLEN PROPERTY,27
2033,81,FOR OTHER AUTHORITIES,2
2034,81,BURGLARY,69
2035,81,MURDER & NON-NEGL. MANSLAUGHTE,11
2036,81,MISCELLANEOUS PENAL LAW,103
2037,81,CRIMINAL TRESPASS,18
2038,83,THEFT-FRAUD,2
2039,83,ARSON,2
2040,83,OFF. AGNST PUB ORD SENSBLTY &,40
2041,83,OTHER STATE LAWS (NON PENAL LA,2
2042,83,DANGEROUS WEAPONS,55
2043,83,FRAUDS,2
2044,83,OFFENSES AGAINST THE PERSON,7
2045,83,GAMBLING,4
2046,83,HARRASSMENT 2,3
2047,83,UNAUTHORIZED USE OF A VEHICLE,9
2048,83,FOR OTHER AUTHORITIES,3
2049,83,NYS LAWS-UNCLASSIFIED FELONY,6
2050,83,FELONY ASSAULT,227
2051,83,OFFENSES INVOLVING FRAUD,17
2052,83,VEHICLE AND TRAFFIC LAWS,78
2053,83,POSSESSION OF STOLEN PROPERTY,13
2054,83,SEX CRIMES,27
2055,83,BURGLAR'S TOOLS,6
2056,83,CRIMINAL TRESPASS,16
2057,83,INTOXICATED & IMPAIRED DRIVING,14
2058,83,GRAND LARCENY OF MOTOR VEHICLE,16
2059,83,OFFENSES AGAINST PUBLIC ADMINI,45
2060,83,OTHER OFFENSES RELATED TO THEF,18
2061,83,ASSAULT 3 & RELATED OFFENSES,332
2062,83,ADMINISTRATIVE CODE,2
2063,83,DANGEROUS DRUGS,162
2064,83,OTHER TRAFFIC INFRACTION,12
2065,83,FORGERY,25
2066,83,MURDER & NON-NEGL. MANSLAUGHTE,11
2067,83,THEFT OF SERVICES,1
2068,83,MISCELLANEOUS PENAL LAW,159
2069,83,OTHER STATE LAWS,5
2070,83,PROSTITUTION & RELATED OFFENSES,20
2071,83,ANTICIPATORY OFFENSES,1
2072,83,CHILD ABANDONMENT/NON SUPPORT,1
2073,83,PETIT LARCENY,97
2074,83,ROBBERY,133
2075,83,DISORDERLY CONDUCT,1
2076,83,GRAND LARCENY,61
2077,83,ALCOHOLIC BEVERAGE CONTROL LAW,7
2078,83,BURGLARY,119
2079,83,CRIMINAL MISCHIEF & RELATED OF,113
2080,83,INTOXICATED/IMPAIRED DRIVING,1
2081,84,OTHER STATE LAWS,21
2082,84,ANTICIPATORY OFFENSES,1
2083,84,KIDNAPPING,1
2084,84,PROSTITUTION & RELATED OFFENSES,4
2085,84,"HOMICIDE-NEGLIGENT,UNCLASSIFIE",1
2086,84,OFFENSES INVOLVING FRAUD,4
2087,84,OFFENSES AGAINST PUBLIC ADMINI,40
2088,84,FORGERY,37
2089,84,HARRASSMENT 2,1
2090,84,OFF. AGNST PUB ORD SENSBLTY &,69
2091,84,RAPE,11
2092,84,ADMINISTRATIVE CODE,2
2093,84,KIDNAPPING & RELATED OFFENSES,2
2094,84,DANGEROUS WEAPONS,30
2095,84,FOR OTHER AUTHORITIES,102
2096,84,NYS LAWS-UNCLASSIFIED FELONY,7
2097,84,CRIMINAL TRESPASS,30
2098,84,POSSESSION OF STOLEN PROPERTY,18
2099,84,MURDER & NON-NEGL. MANSLAUGHTE,17
2100,84,MISCELLANEOUS PENAL LAW,103
2101,84,OTHER OFFENSES RELATED TO THEF,27
2102,84,BURGLARY,76
2103,84,THEFT OF SERVICES,2
2104,84,FRAUDS,6
2105,84,GRAND LARCENY OF MOTOR VEHICLE,14
2106,84,OTHER STATE LAWS (NON PENAL LA,2
2107,84,VEHICLE AND TRAFFIC LAWS,26
2108,84,ROBBERY,82
2109,84,FELONY ASSAULT,150
2110,84,GRAND LARCENY,206
2111,84,SEX CRIMES,101
2112,84,DANGEROUS DRUGS,61
2113,84,ASSAULT 3 & RELATED OFFENSES,156
2114,84,PETIT LARCENY,161
2115,84,INTOXICATED/IMPAIRED DRIVING,3
2116,84,OFFENSES AGAINST THE PERSON,3
2117,84,CRIMINAL MISCHIEF & RELATED OF,126
2118,84,INTOXICATED & IMPAIRED DRIVING,22
2119,84,THEFT-FRAUD,3
2120,84,OTHER TRAFFIC INFRACTION,9
2121,84,UNAUTHORIZED USE OF A VEHICLE,2
2122,84,BURGLAR'S TOOLS,9
2123,88,POSSESSION OF STOLEN PROPERTY,16
2124,88,GRAND LARCENY,21
2125,88,CRIMINAL TRESPASS,10
2126,88,UNAUTHORIZED USE OF A VEHICLE,2
2127,88,SEX CRIMES,20
2128,88,ADMINISTRATIVE CODE,4
2129,88,MISCELLANEOUS PENAL LAW,103
2130,88,GRAND LARCENY OF MOTOR VEHICLE,9
2131,88,DANGEROUS WEAPONS,68
2132,88,CRIMINAL MISCHIEF & RELATED OF,63
2133,88,FORGERY,8
2134,88,OTHER OFFENSES RELATED TO THEF,8
2135,88,FELONY ASSAULT,130
2136,88,ANTICIPATORY OFFENSES,1
2137,88,ROBBERY,58
2138,88,FRAUDS,3
2139,88,ASSAULT 3 & RELATED OFFENSES,167
2140,88,DANGEROUS DRUGS,81
2141,88,INTOXICATED/IMPAIRED DRIVING,1
2142,88,PETIT LARCENY,64
2143,88,NYS LAWS-UNCLASSIFIED FELONY,2
2144,88,OFFENSES AGAINST THE PERSON,5
2145,88,FOR OTHER AUTHORITIES,5
2146,88,VEHICLE AND TRAFFIC LAWS,23
2147,88,OFF. AGNST PUB ORD SENSBLTY &,28
2148,88,INTOXICATED & IMPAIRED DRIVING,14
2149,88,OFFENSES AGAINST PUBLIC ADMINI,25
2150,88,MURDER & NON-NEGL. MANSLAUGHTE,6
2151,88,RAPE,1
2152,88,OTHER TRAFFIC INFRACTION,1
2153,88,BURGLAR'S TOOLS,6
2154,88,BURGLARY,28
2155,88,JOSTLING,1
2156,88,OTHER STATE LAWS (NON PENAL LA,1
2157,88,KIDNAPPING & RELATED OFFENSES,1
2158,90,DANGEROUS DRUGS,130
2159,90,FELONY ASSAULT,76
2160,90,GRAND LARCENY,27
2161,90,ASSAULT 3 & RELATED OFFENSES,128
2162,90,OFFENSES INVOLVING FRAUD,1
2163,90,UNAUTHORIZED USE OF A VEHICLE,9
2164,90,OTHER STATE LAWS (NON PENAL LA,2
2165,90,PROSTITUTION & RELATED OFFENSES,1
2166,90,CRIMINAL MISCHIEF & RELATED OF,68
2167,90,OFFENSES AGAINST PUBLIC ADMINI,30
2168,90,FOR OTHER AUTHORITIES,8
2169,90,POSSESSION OF STOLEN PROPERTY,20
2170,90,MURDER & NON-NEGL. MANSLAUGHTE,1
2171,90,OTHER OFFENSES RELATED TO THEF,10
2172,90,VEHICLE AND TRAFFIC LAWS,19
2173,90,SEX CRIMES,19
2174,90,DISORDERLY CONDUCT,1
2175,90,RAPE,2
2176,90,CRIMINAL TRESPASS,24
2177,90,HARRASSMENT 2,2
2178,90,ADMINISTRATIVE CODE,1
2179,90,NYS LAWS-UNCLASSIFIED FELONY,1
2180,90,DANGEROUS WEAPONS,60
2181,90,BURGLAR'S TOOLS,29
2182,90,ALCOHOLIC BEVERAGE CONTROL LAW,3
2183,90,OTHER STATE LAWS,3
2184,90,MISCELLANEOUS PENAL LAW,75
2185,90,ROBBERY,25
2186,90,OTHER TRAFFIC INFRACTION,2
2187,90,BURGLARY,57
2188,90,OFF. AGNST PUB ORD SENSBLTY &,5
2189,90,PETIT LARCENY,54
2190,90,GRAND LARCENY OF MOTOR VEHICLE,7
2191,90,FORGERY,11
2192,90,INTOXICATED & IMPAIRED DRIVING,15
2193,90,FRAUDS,1
2194,90,OFFENSES AGAINST THE PERSON,9
2195,90,INTOXICATED/IMPAIRED DRIVING,4
2196,94,OFFENSES AGAINST PUBLIC ADMINI,15
2197,94,GRAND LARCENY OF MOTOR VEHICLE,1
2198,94,VEHICLE AND TRAFFIC LAWS,15
2199,94,BURGLARY,67
2200,94,FOR OTHER AUTHORITIES,1
2201,94,OTHER TRAFFIC INFRACTION,6
2202,94,OTHER STATE LAWS (NON PENAL LA,2
2203,94,UNAUTHORIZED USE OF A VEHICLE,2
2204,94,SEX CRIMES,10
2205,94,GRAND LARCENY,30
2206,94,DANGEROUS DRUGS,14
2207,94,FELONY ASSAULT,59
2208,94,PETIT LARCENY,88
2209,94,NYS LAWS-UNCLASSIFIED FELONY,4
2210,94,OFFENSES AGAINST THE PERSON,3
2211,94,ASSAULT 3 & RELATED OFFENSES,89
2212,94,POSSESSION OF STOLEN PROPERTY,8
2213,94,MISCELLANEOUS PENAL LAW,51
2214,94,CRIMINAL TRESPASS,11
2215,94,OTHER OFFENSES RELATED TO THEF,4
2216,94,OFFENSES INVOLVING FRAUD,3
2217,94,BURGLAR'S TOOLS,8
2218,94,DANGEROUS WEAPONS,11
2219,94,FORGERY,9
2220,94,ROBBERY,34
2221,94,INTOXICATED & IMPAIRED DRIVING,14
2222,94,OFF. AGNST PUB ORD SENSBLTY &,14
2223,94,HARRASSMENT 2,1
2224,94,CRIMINAL MISCHIEF & RELATED OF,43
2225,94,MURDER & NON-NEGL. MANSLAUGHTE,4
2226,100,DANGEROUS DRUGS,33
2227,100,OTHER OFFENSES RELATED TO THEF,5
2228,100,FORGERY,14
2229,100,ASSAULT 3 & RELATED OFFENSES,177
2230,100,MISCELLANEOUS PENAL LAW,148
2231,100,OFFENSES INVOLVING FRAUD,3
2232,100,FELONY ASSAULT,124
2233,100,POSSESSION OF STOLEN PROPERTY,16
2234,100,OTHER STATE LAWS (NON PENAL LA,1
2235,100,CRIMINAL MISCHIEF & RELATED OF,62
2236,100,INTOXICATED & IMPAIRED DRIVING,9
2237,100,ENDAN WELFARE INCOMP,1
2238,100,DISORDERLY CONDUCT,1
2239,100,ARSON,1
2240,100,OTHER TRAFFIC INFRACTION,13
2241,100,SEX CRIMES,19
2242,100,VEHICLE AND TRAFFIC LAWS,16
2243,100,UNAUTHORIZED USE OF A VEHICLE,7
2244,100,OFFENSES AGAINST THE PERSON,5
2245,100,DANGEROUS WEAPONS,28
2246,100,CRIMINAL TRESPASS,7
2247,100,FOR OTHER AUTHORITIES,2
2248,100,MURDER & NON-NEGL. MANSLAUGHTE,14
2249,100,GRAND LARCENY,24
2250,100,GRAND LARCENY OF MOTOR VEHICLE,4
2251,100,PETIT LARCENY,42
2252,100,INTOXICATED/IMPAIRED DRIVING,2
2253,100,BURGLARY,28
2254,100,NYS LAWS-UNCLASSIFIED FELONY,2
2255,100,OFF. AGNST PUB ORD SENSBLTY &,22
2256,100,ROBBERY,36
2257,100,FRAUDS,2
2258,100,OFFENSES AGAINST PUBLIC ADMINI,13
2259,101,MISCELLANEOUS PENAL LAW,272
2260,101,ROBBERY,65
2261,101,RAPE,3
2262,101,ASSAULT 3 & RELATED OFFENSES,282
2263,101,OTHER TRAFFIC INFRACTION,12
2264,101,FORGERY,17
2265,101,DISORDERLY CONDUCT,1
2266,101,ENDAN WELFARE INCOMP,1
2267,101,DANGEROUS WEAPONS,117
2268,101,POSSESSION OF STOLEN PROPERTY,7
2269,101,HARRASSMENT 2,1
2270,101,INTOXICATED/IMPAIRED DRIVING,6
2271,101,UNAUTHORIZED USE OF A VEHICLE,7
2272,101,KIDNAPPING & RELATED OFFENSES,1
2273,101,CRIMINAL TRESPASS,7
2274,101,PROSTITUTION & RELATED OFFENSES,1
2275,101,PETIT LARCENY,51
2276,101,ARSON,3
2277,101,FOR OTHER AUTHORITIES,2
2278,101,OFFENSES AGAINST PUBLIC ADMINI,21
2279,101,INTOXICATED & IMPAIRED DRIVING,44
2280,101,FRAUDS,3
2281,101,OTHER STATE LAWS (NON PENAL LA,2
2282,101,OFFENSES AGAINST THE PERSON,5
2283,101,OFFENSES INVOLVING FRAUD,2
2284,101,OTHER STATE LAWS,2
2285,101,GRAND LARCENY,22
2286,101,NYS LAWS-UNCLASSIFIED FELONY,3
2287,101,SEX CRIMES,56
2288,101,MURDER & NON-NEGL. MANSLAUGHTE,37
2289,101,DANGEROUS DRUGS,103
2290,101,ADMINISTRATIVE CODE,2
2291,101,OFF. AGNST PUB ORD SENSBLTY &,21
2292,101,CHILD ABANDONMENT/NON SUPPORT,1
2293,101,FELONY ASSAULT,203
2294,101,OTHER OFFENSES RELATED TO THEF,3
2295,101,CRIMINAL MISCHIEF & RELATED OF,80
2296,101,VEHICLE AND TRAFFIC LAWS,23
2297,101,BURGLARY,44
2298,101,GRAND LARCENY OF MOTOR VEHICLE,25
2299,102,MOVING INFRACTIONS,1
2300,102,ALCOHOLIC BEVERAGE CONTROL LAW,5
2301,102,FELONY ASSAULT,221
2302,102,ASSAULT 3 & RELATED OFFENSES,370
2303,102,PETIT LARCENY,96
2304,102,UNAUTHORIZED USE OF A VEHICLE,15
2305,102,FORGERY,39
2306,102,POSSESSION OF STOLEN PROPERTY,13
2307,102,OFFENSES INVOLVING FRAUD,14
2308,102,THEFT OF SERVICES,1
2309,102,MISCELLANEOUS PENAL LAW,260
2310,102,OFF. AGNST PUB ORD SENSBLTY &,41
2311,102,BURGLAR'S TOOLS,3
2312,102,THEFT-FRAUD,2
2313,102,FOR OTHER AUTHORITIES,2
2314,102,ARSON,1
2315,102,KIDNAPPING & RELATED OFFENSES,1
2316,102,GRAND LARCENY,71
2317,102,OFFENSES AGAINST PUBLIC ADMINI,74
2318,102,BURGLARY,45
2319,102,NYS LAWS-UNCLASSIFIED FELONY,3
2320,102,OFFENSES AGAINST THE PERSON,5
2321,102,RAPE,8
2322,102,DANGEROUS WEAPONS,69
2323,102,INTOXICATED/IMPAIRED DRIVING,13
2324,102,CRIMINAL MISCHIEF & RELATED OF,105
2325,102,ROBBERY,65
2326,102,OTHER TRAFFIC INFRACTION,19
2327,102,GRAND LARCENY OF MOTOR VEHICLE,20
2328,102,CRIMINAL TRESPASS,8
2329,102,OTHER STATE LAWS,1
2330,102,OTHER STATE LAWS (NON PENAL LA,99
2331,102,MURDER & NON-NEGL. MANSLAUGHTE,20
2332,102,SEX CRIMES,42
2333,102,DISORDERLY CONDUCT,1
2334,102,ENDAN WELFARE INCOMP,1
2335,102,HARRASSMENT 2,1
2336,102,PROSTITUTION & RELATED OFFENSES,7
2337,102,DANGEROUS DRUGS,88
2338,102,VEHICLE AND TRAFFIC LAWS,28
2339,102,FRAUDS,6
2340,102,INTOXICATED & IMPAIRED DRIVING,49
2341,103,CHILD ABANDONMENT/NON SUPPORT,2
2342,103,DISORDERLY CONDUCT,2
2343,103,VEHICLE AND TRAFFIC LAWS,73
2344,103,GRAND LARCENY OF MOTOR VEHICLE,71
2345,103,INTOXICATED/IMPAIRED DRIVING,13
2346,103,OFFENSES AGAINST THE PERSON,11
2347,103,OTHER STATE LAWS (NON PENAL LA,7
2348,103,ADMINISTRATIVE CODE,7
2349,103,DANGEROUS DRUGS,437
2350,103,ASSAULT 3 & RELATED OFFENSES,445
2351,103,BURGLARY,81
2352,103,UNAUTHORIZED USE OF A VEHICLE,10
2353,103,OFFENSES AGAINST PUBLIC ADMINI,111
2354,103,OFFENSES INVOLVING FRAUD,9
2355,103,GRAND LARCENY,128
2356,103,DANGEROUS WEAPONS,150
2357,103,PETIT LARCENY,152
2358,103,CRIMINAL TRESPASS,32
2359,103,OFFENSES RELATED TO CHILDREN,2
2360,103,BURGLAR'S TOOLS,5
2361,103,CRIMINAL MISCHIEF & RELATED OF,134
2362,103,FELONY ASSAULT,290
2363,103,ALCOHOLIC BEVERAGE CONTROL LAW,4
2364,103,INTOXICATED & IMPAIRED DRIVING,47
2365,103,THEFT-FRAUD,1
2366,103,MOVING INFRACTIONS,1
2367,103,KIDNAPPING & RELATED OFFENSES,1
2368,103,MURDER & NON-NEGL. MANSLAUGHTE,22
2369,103,AGRICULTURE & MRKTS LAW-UNCLASSIFIED,1
2370,103,OTHER OFFENSES RELATED TO THEF,41
2371,103,FRAUDS,12
2372,103,GAMBLING,15
2373,103,POSSESSION OF STOLEN PROPERTY,34
2374,103,SEX CRIMES,45
2375,103,FRAUDULENT ACCOSTING,5
2376,103,RAPE,3
2377,103,THEFT OF SERVICES,14
2378,103,FORGERY,37
2379,103,ROBBERY,207
2380,103,OTHER TRAFFIC INFRACTION,22
2381,103,PROSTITUTION & RELATED OFFENSES,14
2382,103,OTHER STATE LAWS,4
2383,103,FOR OTHER AUTHORITIES,5
2384,103,MISCELLANEOUS PENAL LAW,217
2385,103,NYS LAWS-UNCLASSIFIED FELONY,8
2386,103,OFF. AGNST PUB ORD SENSBLTY &,58
2387,103,ARSON,3
2388,104,INTOXICATED & IMPAIRED DRIVING,64
2389,104,ARSON,2
2390,104,OFFENSES INVOLVING FRAUD,2
2391,104,BURGLAR'S TOOLS,6
2392,104,VEHICLE AND TRAFFIC LAWS,51
2393,104,ALCOHOLIC BEVERAGE CONTROL LAW,3
2394,104,ADMINISTRATIVE CODE,3
2395,104,OFFENSES AGAINST PUBLIC ADMINI,81
2396,104,RAPE,2
2397,104,OTHER STATE LAWS,13
2398,104,MURDER & NON-NEGL. MANSLAUGHTE,5
2399,104,INTOXICATED/IMPAIRED DRIVING,17
2400,104,DANGEROUS DRUGS,106
2401,104,FOR OTHER AUTHORITIES,2
2402,104,GRAND LARCENY OF MOTOR VEHICLE,6
2403,104,POSSESSION OF STOLEN PROPERTY,28
2404,104,BURGLARY,63
2405,104,OTHER STATE LAWS (NON PENAL LA,3
2406,104,FORGERY,3
2407,104,THEFT-FRAUD,3
2408,104,FELONY ASSAULT,198
2409,104,CRIMINAL TRESPASS,15
2410,104,OFF. AGNST PUB ORD SENSBLTY &,35
2411,104,OTHER TRAFFIC INFRACTION,18
2412,104,NYS LAWS-UNCLASSIFIED FELONY,6
2413,104,OTHER OFFENSES RELATED TO THEF,6
2414,104,UNAUTHORIZED USE OF A VEHICLE,8
2415,104,OTHER STATE LAWS (NON PENAL LAW),1
2416,104,ROBBERY,89
2417,104,KIDNAPPING & RELATED OFFENSES,1
2418,104,PETIT LARCENY,226
2419,104,DANGEROUS WEAPONS,33
2420,104,"HOMICIDE-NEGLIGENT,UNCLASSIFIE",1
2421,104,MOVING INFRACTIONS,1
2422,104,OFFENSES AGAINST THE PERSON,10
2423,104,MISCELLANEOUS PENAL LAW,139
2424,104,ASSAULT 3 & RELATED OFFENSES,418
2425,104,SEX CRIMES,39
2426,104,CRIMINAL MISCHIEF & RELATED OF,138
2427,104,GRAND LARCENY,56
2428,105,CRIMINAL MISCHIEF & RELATED OF,169
2429,105,FRAUDS,5
2430,105,SEX CRIMES,49
2431,105,NYS LAWS-UNCLASSIFIED FELONY,5
2432,105,OTHER TRAFFIC INFRACTION,15
2433,105,ASSAULT 3 & RELATED OFFENSES,438
2434,105,INTOXICATED/IMPAIRED DRIVING,6
2435,105,OFFENSES AGAINST PUBLIC SAFETY,4
2436,105,VEHICLE AND TRAFFIC LAWS,67
2437,105,AGRICULTURE & MRKTS LAW-UNCLASSIFIED,1
2438,105,ALCOHOLIC BEVERAGE CONTROL LAW,14
2439,105,RAPE,8
2440,105,INTOXICATED & IMPAIRED DRIVING,33
2441,105,OFFENSES INVOLVING FRAUD,15
2442,105,OFF. AGNST PUB ORD SENSBLTY &,71
2443,105,MOVING INFRACTIONS,1
2444,105,FORGERY,40
2445,105,DANGEROUS DRUGS,59
2446,105,DANGEROUS WEAPONS,88
2447,105,FOR OTHER AUTHORITIES,15
2448,105,POSSESSION OF STOLEN PROPERTY,28
2449,105,GRAND LARCENY,79
2450,105,MURDER & NON-NEGL. MANSLAUGHTE,10
2451,105,OFFENSES AGAINST PUBLIC ADMINI,44
2452,105,KIDNAPPING & RELATED OFFENSES,2
2453,105,GAMBLING,2
2454,105,MISCELLANEOUS PENAL LAW,211
2455,105,GRAND LARCENY OF MOTOR VEHICLE,25
2456,105,OTHER OFFENSES RELATED TO THEF,4
2457,105,OTHER STATE LAWS (NON PENAL LA,18
2458,105,BURGLARY,45
2459,105,CRIMINAL TRESPASS,12
2460,105,PETIT LARCENY,77
2461,105,UNAUTHORIZED USE OF A VEHICLE,17
2462,105,BURGLAR'S TOOLS,6
2463,105,OFFENSES AGAINST THE PERSON,7
2464,105,ROBBERY,103
2465,105,HOMICIDE-NEGLIGENT-VEHICLE,1
2466,105,FELONY ASSAULT,285
2467,105,OFFENSES RELATED TO CHILDREN,2
2468,106,OFFENSES RELATED TO CHILDREN,5
2469,106,BURGLARY,28
2470,106,INTOXICATED & IMPAIRED DRIVING,41
2471,106,KIDNAPPING & RELATED OFFENSES,1
2472,106,HARRASSMENT 2,1
2473,106,ROBBERY,103
2474,106,OTHER TRAFFIC INFRACTION,12
2475,106,ARSON,1
2476,106,OFF. AGNST PUB ORD SENSBLTY &,24
2477,106,ASSAULT 3 & RELATED OFFENSES,361
2478,106,CRIMINAL TRESPASS,28
2479,106,POSSESSION OF STOLEN PROPERTY,12
2480,106,DANGEROUS WEAPONS,76
2481,106,OFFENSES AGAINST PUBLIC ADMINI,37
2482,106,MURDER & NON-NEGL. MANSLAUGHTE,10
2483,106,OFFENSES INVOLVING FRAUD,8
2484,106,ADMINISTRATIVE CODE,1
2485,106,VEHICLE AND TRAFFIC LAWS,21
2486,106,GRAND LARCENY OF MOTOR VEHICLE,38
2487,106,FORGERY,13
2488,106,OFFENSES AGAINST THE PERSON,13
2489,106,OTHER STATE LAWS (NON PENAL LA,7
2490,106,SEX CRIMES,34
2491,106,FELONY ASSAULT,215
2492,106,DANGEROUS DRUGS,54
2493,106,NYS LAWS-UNCLASSIFIED FELONY,3
2494,106,OTHER OFFENSES RELATED TO THEF,2
2495,106,OTHER STATE LAWS,2
2496,106,MISCELLANEOUS PENAL LAW,205
2497,106,CRIMINAL MISCHIEF & RELATED OF,118
2498,106,PETIT LARCENY,116
2499,106,FRAUDS,6
2500,106,RAPE,2
2501,106,ALCOHOLIC BEVERAGE CONTROL LAW,9
2502,106,FOR OTHER AUTHORITIES,5
2503,106,GRAND LARCENY,106
2504,106,INTOXICATED/IMPAIRED DRIVING,7
2505,106,UNAUTHORIZED USE OF A VEHICLE,8
2506,107,DANGEROUS DRUGS,43
2507,107,NYS LAWS-UNCLASSIFIED FELONY,5
2508,107,OTHER TRAFFIC INFRACTION,14
2509,107,ASSAULT 3 & RELATED OFFENSES,283
2510,107,HARRASSMENT 2,1
2511,107,OTHER STATE LAWS,2
2512,107,OTHER OFFENSES RELATED TO THEF,3
2513,107,OFFENSES AGAINST PUBLIC ADMINI,24
2514,107,MISCELLANEOUS PENAL LAW,131
2515,107,MOVING INFRACTIONS,2
2516,107,VEHICLE AND TRAFFIC LAWS,21
2517,107,FOR OTHER AUTHORITIES,1
2518,107,GRAND LARCENY,87
2519,107,OTHER STATE LAWS (NON PENAL LA,8
2520,107,INTOXICATED & IMPAIRED DRIVING,41
2521,107,THEFT-FRAUD,3
2522,107,GRAND LARCENY OF MOTOR VEHICLE,19
2523,107,PROSTITUTION & RELATED OFFENSES,5
2524,107,PETIT LARCENY,70
2525,107,UNAUTHORIZED USE OF A VEHICLE,8
2526,107,MURDER & NON-NEGL. MANSLAUGHTE,7
2527,107,THEFT OF SERVICES,1
2528,107,FORGERY,13
2529,107,ROBBERY,100
2530,107,POSSESSION OF STOLEN PROPERTY,40
2531,107,BURGLARY,48
2532,107,OFFENSES AGAINST THE PERSON,8
2533,107,DANGEROUS WEAPONS,37
2534,107,FRAUDS,5
2535,107,BURGLAR'S TOOLS,4
2536,107,FELONY ASSAULT,122
2537,107,CRIMINAL TRESPASS,8
2538,107,OFF. AGNST PUB ORD SENSBLTY &,33
2539,107,CRIMINAL MISCHIEF & RELATED OF,89
2540,107,INTOXICATED/IMPAIRED DRIVING,3
2541,107,ARSON,1
2542,107,RAPE,2
2543,107,SEX CRIMES,27
2544,107,OFFENSES INVOLVING FRAUD,14
2545,108,CRIMINAL MISCHIEF & RELATED OF,55
2546,108,POSSESSION OF STOLEN PROPERTY,10
2547,108,PROSTITUTION & RELATED OFFENSES,5
2548,108,ASSAULT 3 & RELATED OFFENSES,240
2549,108,MURDER & NON-NEGL. MANSLAUGHTE,2
2550,108,NYS LAWS-UNCLASSIFIED FELONY,4
2551,108,UNAUTHORIZED USE OF A VEHICLE,7
2552,108,INTOXICATED & IMPAIRED DRIVING,40
2553,108,OTHER TRAFFIC INFRACTION,9
2554,108,VEHICLE AND TRAFFIC LAWS,33
2555,108,FORGERY,22
2556,108,AGRICULTURE & MRKTS LAW-UNCLASSIFIED,1
2557,108,CRIMINAL TRESPASS,9
2558,108,GRAND LARCENY OF MOTOR VEHICLE,7
2559,108,FRAUDS,6
2560,108,OFF. AGNST PUB ORD SENSBLTY &,20
2561,108,FOR OTHER AUTHORITIES,5
2562,108,OFFENSES INVOLVING FRAUD,17
2563,108,FELONY ASSAULT,108
2564,108,GRAND LARCENY,35
2565,108,THEFT-FRAUD,1
2566,108,BURGLARY,50
2567,108,CHILD ABANDONMENT/NON SUPPORT,1
2568,108,DANGEROUS DRUGS,46
2569,108,SEX CRIMES,31
2570,108,ROBBERY,45
2571,108,OTHER STATE LAWS (NON PENAL LA,2
2572,108,ARSON,1
2573,108,ALCOHOLIC BEVERAGE CONTROL LAW,2
2574,108,OTHER OFFENSES RELATED TO THEF,6
2575,108,DANGEROUS WEAPONS,11
2576,108,OFFENSES AGAINST PUBLIC ADMINI,16
2577,108,PETIT LARCENY,34
2578,108,OFFENSES AGAINST THE PERSON,5
2579,108,MISCELLANEOUS PENAL LAW,104
2580,108,BURGLAR'S TOOLS,5
2581,108,INTOXICATED/IMPAIRED DRIVING,2
2582,109,MISCELLANEOUS PENAL LAW,202
2583,109,PETIT LARCENY,304
2584,109,ASSAULT 3 & RELATED OFFENSES,403
2585,109,DANGEROUS DRUGS,138
2586,109,MURDER & NON-NEGL. MANSLAUGHTE,11
2587,109,NYS LAWS-UNCLASSIFIED FELONY,1
2588,109,GRAND LARCENY,138
2589,109,FELONY ASSAULT,192
2590,109,THEFT-FRAUD,12
2591,109,DISORDERLY CONDUCT,1
2592,109,KIDNAPPING & RELATED OFFENSES,1
2593,109,ROBBERY,161
2594,109,GRAND LARCENY OF MOTOR VEHICLE,14
2595,109,BURGLARY,101
2596,109,UNAUTHORIZED USE OF A VEHICLE,15
2597,109,OTHER TRAFFIC INFRACTION,25
2598,109,OTHER STATE LAWS (NON PENAL LA,8
2599,109,INTOXICATED/IMPAIRED DRIVING,9
2600,109,ARSON,5
2601,109,CRIMINAL TRESPASS,10
2602,109,VEHICLE AND TRAFFIC LAWS,47
2603,109,BURGLAR'S TOOLS,20
2604,109,OTHER STATE LAWS,2
2605,109,FRAUDS,7
2606,109,OTHER OFFENSES RELATED TO THEF,6
2607,109,OFF. AGNST PUB ORD SENSBLTY &,27
2608,109,SEX CRIMES,41
2609,109,FORGERY,22
2610,109,ADMINISTRATIVE CODE,2
2611,109,RAPE,5
2612,109,OFFENSES AGAINST THE PERSON,7
2613,109,DANGEROUS WEAPONS,34
2614,109,POSSESSION OF STOLEN PROPERTY,53
2615,109,OFFENSES AGAINST PUBLIC ADMINI,22
2616,109,FOR OTHER AUTHORITIES,30
2617,109,ALCOHOLIC BEVERAGE CONTROL LAW,2
2618,109,INTOXICATED & IMPAIRED DRIVING,37
2619,109,CRIMINAL MISCHIEF & RELATED OF,92
2620,109,PROSTITUTION & RELATED OFFENSES,22
2621,109,OFFENSES AGAINST PUBLIC SAFETY,4
2622,109,GAMBLING,3
2623,109,OFFENSES INVOLVING FRAUD,4
2624,110,CRIMINAL MISCHIEF & RELATED OF,143
2625,110,FRAUDS,9
2626,110,HARRASSMENT 2,1
2627,110,PETIT LARCENY,289
2628,110,OTHER TRAFFIC INFRACTION,19
2629,110,INTOXICATED/IMPAIRED DRIVING,11
2630,110,GRAND LARCENY,98
2631,110,NYS LAWS-UNCLASSIFIED FELONY,8
2632,110,OTHER STATE LAWS,4
2633,110,ROBBERY,136
2634,110,GAMBLING,4
2635,110,FELONY ASSAULT,244
2636,110,ALCOHOLIC BEVERAGE CONTROL LAW,5
2637,110,PROSTITUTION & RELATED OFFENSES,13
2638,110,UNAUTHORIZED USE OF A VEHICLE,4
2639,110,FORGERY,31
2640,110,OTHER STATE LAWS (NON PENAL LA,1
2641,110,RAPE,8
2642,110,INTOXICATED & IMPAIRED DRIVING,45
2643,110,OFFENSES AGAINST THE PERSON,12
2644,110,ASSAULT 3 & RELATED OFFENSES,458
2645,110,THEFT-FRAUD,3
2646,110,BURGLAR'S TOOLS,14
2647,110,OTHER OFFENSES RELATED TO THEF,6
2648,110,DANGEROUS DRUGS,84
2649,110,GRAND LARCENY OF MOTOR VEHICLE,26
2650,110,VEHICLE AND TRAFFIC LAWS,28
2651,110,OFFENSES AGAINST PUBLIC ADMINI,48
2652,110,DANGEROUS WEAPONS,47
2653,110,FOR OTHER AUTHORITIES,13
2654,110,BURGLARY,47
2655,110,ADMINISTRATIVE CODE,6
2656,110,OFFENSES INVOLVING FRAUD,10
2657,110,KIDNAPPING,1
2658,110,MISCELLANEOUS PENAL LAW,152
2659,110,POSSESSION OF STOLEN PROPERTY,29
2660,110,OFF. AGNST PUB ORD SENSBLTY &,24
2661,110,MURDER & NON-NEGL. MANSLAUGHTE,19
2662,110,CRIMINAL TRESPASS,18
2663,110,KIDNAPPING & RELATED OFFENSES,1
2664,110,ESCAPE 3,1
2665,110,DISORDERLY CONDUCT,1
2666,110,SEX CRIMES,61
2667,111,GRAND LARCENY,22
2668,111,PETIT LARCENY,35
2669,111,BURGLAR'S TOOLS,3
2670,111,INTOXICATED & IMPAIRED DRIVING,39
2671,111,VEHICLE AND TRAFFIC LAWS,56
2672,111,CRIMINAL MISCHIEF & RELATED OF,35
2673,111,HOMICIDE-NEGLIGENT-VEHICLE,2
2674,111,FOR OTHER AUTHORITIES,4
2675,111,FELONY ASSAULT,59
2676,111,GRAND LARCENY OF MOTOR VEHICLE,2
2677,111,MISCELLANEOUS PENAL LAW,51
2678,111,OFFENSES AGAINST PUBLIC ADMINI,11
2679,111,OFFENSES AGAINST THE PERSON,5
2680,111,BURGLARY,20
2681,111,OFF. AGNST PUB ORD SENSBLTY &,20
2682,111,DANGEROUS WEAPONS,8
2683,111,UNAUTHORIZED USE OF A VEHICLE,4
2684,111,POSSESSION OF STOLEN PROPERTY,2
2685,111,FORGERY,5
2686,111,OFFENSES INVOLVING FRAUD,2
2687,111,OTHER TRAFFIC INFRACTION,13
2688,111,NYS LAWS-UNCLASSIFIED FELONY,1
2689,111,MURDER & NON-NEGL. MANSLAUGHTE,1
2690,111,ADMINISTRATIVE CODE,2
2691,111,SEX CRIMES,17
2692,111,DANGEROUS DRUGS,13
2693,111,ROBBERY,9
2694,111,THEFT-FRAUD,1
2695,111,INTOXICATED/IMPAIRED DRIVING,7
2696,111,ASSAULT 3 & RELATED OFFENSES,122
2697,111,CRIMINAL TRESPASS,7
2698,112,FELONY ASSAULT,66
2699,112,PETIT LARCENY,142
2700,112,DANGEROUS DRUGS,13
2701,112,INTOXICATED/IMPAIRED DRIVING,7
2702,112,FRAUDS,3
2703,112,RAPE,75
2704,112,INTOXICATED & IMPAIRED DRIVING,80
2705,112,OFFENSES AGAINST PUBLIC ADMINI,18
2706,112,SEX CRIMES,148
2707,112,FORGERY,7
2708,112,DANGEROUS WEAPONS,13
2709,112,GRAND LARCENY,46
2710,112,GRAND LARCENY OF MOTOR VEHICLE,8
2711,112,ROBBERY,29
2712,112,BURGLAR'S TOOLS,6
2713,112,NYS LAWS-UNCLASSIFIED FELONY,5
2714,112,PROSTITUTION & RELATED OFFENSES,1
2715,112,OTHER OFFENSES RELATED TO THEF,1
2716,112,CRIMINAL MISCHIEF & RELATED OF,57
2717,112,ASSAULT 3 & RELATED OFFENSES,98
2718,112,OTHER TRAFFIC INFRACTION,56
2719,112,MISCELLANEOUS PENAL LAW,33
2720,112,OTHER STATE LAWS (NON PENAL LA,1
2721,112,CRIMINAL TRESPASS,8
2722,112,OFFENSES AGAINST THE PERSON,4
2723,112,OTHER STATE LAWS,4
2724,112,BURGLARY,21
2725,112,OFF. AGNST PUB ORD SENSBLTY &,17
2726,112,OFFENSES AGAINST PUBLIC SAFETY,1
2727,112,POSSESSION OF STOLEN PROPERTY,6
2728,112,UNAUTHORIZED USE OF A VEHICLE,11
2729,112,THEFT-FRAUD,1
2730,112,VEHICLE AND TRAFFIC LAWS,75
2731,112,OFFENSES INVOLVING FRAUD,1
2732,113,OFFENSES AGAINST THE PERSON,13
2733,113,DANGEROUS DRUGS,198
2734,113,ASSAULT 3 & RELATED OFFENSES,494
2735,113,THEFT-FRAUD,26
2736,113,CRIMINAL TRESPASS,50
2737,113,FOR OTHER AUTHORITIES,20
2738,113,NYS LAWS-UNCLASSIFIED FELONY,8
2739,113,OFFENSES INVOLVING FRAUD,21
2740,113,DANGEROUS WEAPONS,214
2741,113,INTOXICATED & IMPAIRED DRIVING,35
2742,113,ADMINISTRATIVE CODE,1
2743,113,MURDER & NON-NEGL. MANSLAUGHTE,38
2744,113,INTOXICATED/IMPAIRED DRIVING,5
2745,113,OTHER OFFENSES RELATED TO THEF,4
2746,113,CRIMINAL MISCHIEF & RELATED OF,232
2747,113,OTHER STATE LAWS,1
2748,113,RAPE,14
2749,113,MISCELLANEOUS PENAL LAW,252
2750,113,FELONY ASSAULT,267
2751,113,"HOMICIDE-NEGLIGENT,UNCLASSIFIE",1
2752,113,HARRASSMENT 2,1
2753,113,GAMBLING,1
2754,113,OFF. AGNST PUB ORD SENSBLTY &,44
2755,113,ARSON,3
2756,113,SEX CRIMES,47
2757,113,BURGLAR'S TOOLS,3
2758,113,VEHICLE AND TRAFFIC LAWS,259
2759,113,BURGLARY,55
2760,113,ENDAN WELFARE INCOMP,3
2761,113,PETIT LARCENY,159
2762,113,UNAUTHORIZED USE OF A VEHICLE,20
2763,113,ALCOHOLIC BEVERAGE CONTROL LAW,3
2764,113,OTHER TRAFFIC INFRACTION,59
2765,113,PROSTITUTION & RELATED OFFENSES,2
2766,113,ROBBERY,84
2767,113,GRAND LARCENY,147
2768,113,FRAUDS,19
2769,113,OFFENSES AGAINST PUBLIC SAFETY,2
2770,113,POSSESSION OF STOLEN PROPERTY,82
2771,113,FORGERY,79
2772,113,OTHER STATE LAWS (NON PENAL LA,116
2773,113,FRAUDULENT ACCOSTING,2
2774,113,CHILD ABANDONMENT/NON SUPPORT,2
2775,113,GRAND LARCENY OF MOTOR VEHICLE,61
2776,113,OFFENSES AGAINST PUBLIC ADMINI,168
2777,113,MOVING INFRACTIONS,2
2778,114,GRAND LARCENY OF MOTOR VEHICLE,21
2779,114,OFFENSES AGAINST PUBLIC ADMINI,63
2780,114,GRAND LARCENY,108
2781,114,ENDAN WELFARE INCOMP,1
2782,114,FORGERY,21
2783,114,UNAUTHORIZED USE OF A VEHICLE,9
2784,114,MISCELLANEOUS PENAL LAW,264
2785,114,DISORDERLY CONDUCT,2
2786,114,ADMINISTRATIVE CODE,4
2787,114,HARRASSMENT 2,1
2788,114,"HOMICIDE-NEGLIGENT,UNCLASSIFIE",1
2789,114,PETIT LARCENY,251
2790,114,SEX CRIMES,45
2791,114,VEHICLE AND TRAFFIC LAWS,117
2792,114,ALCOHOLIC BEVERAGE CONTROL LAW,2
2793,114,ARSON,1
2794,114,OTHER TRAFFIC INFRACTION,44
2795,114,FELONY ASSAULT,238
2796,114,RAPE,2
2797,114,NYS LAWS-UNCLASSIFIED FELONY,12
2798,114,CRIMINAL MISCHIEF & RELATED OF,118
2799,114,FRAUDS,5
2800,114,MOVING INFRACTIONS,1
2801,114,OTHER STATE LAWS (NON PENAL LA,25
2802,114,DANGEROUS WEAPONS,128
2803,114,ROBBERY,125
2804,114,OTHER OFFENSES RELATED TO THEF,1
2805,114,DANGEROUS DRUGS,205
2806,114,OFFENSES INVOLVING FRAUD,22
2807,114,OFFENSES RELATED TO CHILDREN,4
2808,114,INTOXICATED/IMPAIRED DRIVING,4
2809,114,PROSTITUTION & RELATED OFFENSES,5
2810,114,OFFENSES AGAINST PUBLIC SAFETY,3
2811,114,OTHER STATE LAWS,3
2812,114,THEFT-FRAUD,1
2813,114,INTOXICATED & IMPAIRED DRIVING,57
2814,114,FOR OTHER AUTHORITIES,34
2815,114,OFFENSES AGAINST THE PERSON,4
2816,114,OFF. AGNST PUB ORD SENSBLTY &,75
2817,114,CRIMINAL TRESPASS,15
2818,114,BURGLAR'S TOOLS,3
2819,114,POSSESSION OF STOLEN PROPERTY,38
2820,114,BURGLARY,92
2821,114,ASSAULT 3 & RELATED OFFENSES,472
2822,114,MURDER & NON-NEGL. MANSLAUGHTE,10
2823,115,ENDAN WELFARE INCOMP,2
2824,115,FELONY ASSAULT,229
2825,115,OFFENSES AGAINST THE PERSON,12
2826,115,OFFENSES RELATED TO CHILDREN,1
2827,115,NYS LAWS-UNCLASSIFIED FELONY,8
2828,115,OTHER STATE LAWS (NON PENAL LA,8
2829,115,VEHICLE AND TRAFFIC LAWS,135
2830,115,CRIMINAL TRESPASS,22
2831,115,POSSESSION OF STOLEN PROPERTY,34
2832,115,OTHER OFFENSES RELATED TO THEF,8
2833,115,OTHER TRAFFIC INFRACTION,16
2834,115,THEFT OF SERVICES,11
2835,115,RAPE,4
2836,115,GRAND LARCENY,122
2837,115,ARSON,1
2838,115,SEX CRIMES,125
2839,115,ADMINISTRATIVE CODE,2
2840,115,FOR OTHER AUTHORITIES,14
2841,115,DANGEROUS DRUGS,145
2842,115,ASSAULT 3 & RELATED OFFENSES,472
2843,115,PROSTITUTION & RELATED OFFENSES,25
2844,115,MURDER & NON-NEGL. MANSLAUGHTE,11
2845,115,OFF. AGNST PUB ORD SENSBLTY &,26
2846,115,INTOXICATED & IMPAIRED DRIVING,90
2847,115,THEFT-FRAUD,1
2848,115,MISCELLANEOUS PENAL LAW,206
2849,115,FRAUDS,15
2850,115,UNAUTHORIZED USE OF A VEHICLE,12
2851,115,BURGLARY,71
2852,115,CRIMINAL MISCHIEF & RELATED OF,155
2853,115,OFFENSES AGAINST PUBLIC ADMINI,69
2854,115,OFFENSES INVOLVING FRAUD,13
2855,115,INTOXICATED/IMPAIRED DRIVING,7
2856,115,FORGERY,21
2857,115,PETIT LARCENY,146
2858,115,MOVING INFRACTIONS,3
2859,115,OTHER STATE LAWS,2
2860,115,ROBBERY,113
2861,115,DANGEROUS WEAPONS,151
2862,115,GRAND LARCENY OF MOTOR VEHICLE,37
2863,115,BURGLAR'S TOOLS,11
2864,120,OFFENSES INVOLVING FRAUD,10
2865,120,MURDER & NON-NEGL. MANSLAUGHTE,32
2866,120,FORGERY,26
2867,120,UNAUTHORIZED USE OF A VEHICLE,10
2868,120,OTHER TRAFFIC INFRACTION,6
2869,120,CRIMINAL TRESPASS,14
2870,120,BURGLARY,33
2871,120,DANGEROUS DRUGS,264
2872,120,GRAND LARCENY,87
2873,120,INTOXICATED & IMPAIRED DRIVING,35
2874,120,DANGEROUS WEAPONS,102
2875,120,GRAND LARCENY OF MOTOR VEHICLE,17
2876,120,MISCELLANEOUS PENAL LAW,322
2877,120,ASSAULT 3 & RELATED OFFENSES,349
2878,120,NYS LAWS-UNCLASSIFIED FELONY,17
2879,120,VEHICLE AND TRAFFIC LAWS,70
2880,120,OFFENSES AGAINST PUBLIC ADMINI,82
2881,120,OTHER STATE LAWS (NON PENAL LA,11
2882,120,FOR OTHER AUTHORITIES,10
2883,120,PROSTITUTION & RELATED OFFENSES,2
2884,120,POSSESSION OF STOLEN PROPERTY,27
2885,120,CRIMINAL MISCHIEF & RELATED OF,170
2886,120,RAPE,15
2887,120,FRAUDS,12
2888,120,INTOXICATED/IMPAIRED DRIVING,12
2889,120,ALCOHOLIC BEVERAGE CONTROL LAW,2
2890,120,OFFENSES AGAINST PUBLIC SAFETY,1
2891,120,OTHER OFFENSES RELATED TO THEF,12
2892,120,BURGLAR'S TOOLS,1
2893,120,OFFENSES AGAINST THE PERSON,12
2894,120,ROBBERY,150
2895,120,AGRICULTURE & MRKTS LAW-UNCLASSIFIED,1
2896,120,PETIT LARCENY,153
2897,120,FELONY ASSAULT,205
2898,120,ARSON,3
2899,120,OFF. AGNST PUB ORD SENSBLTY &,58
2900,120,HOMICIDE-NEGLIGENT-VEHICLE,1
2901,120,KIDNAPPING & RELATED OFFENSES,1
2902,120,THEFT-FRAUD,3
2903,120,SEX CRIMES,39
2904,120,ENDAN WELFARE INCOMP,1
2905,121,BURGLARY,32
2906,121,VEHICLE AND TRAFFIC LAWS,115
2907,121,OTHER TRAFFIC INFRACTION,31
2908,121,FRAUDS,4
2909,121,INTOXICATED/IMPAIRED DRIVING,15
2910,121,THEFT-FRAUD,3
2911,121,POSSESSION OF STOLEN PROPERTY,23
2912,121,RAPE,2
2913,121,HOMICIDE-NEGLIGENT-VEHICLE,1
2914,121,DANGEROUS WEAPONS,70
2915,121,MURDER & NON-NEGL. MANSLAUGHTE,18
2916,121,FOR OTHER AUTHORITIES,3
2917,121,CRIMINAL TRESPASS,14
2918,121,PROSTITUTION & RELATED OFFENSES,3
2919,121,ROBBERY,51
2920,121,GRAND LARCENY,88
2921,121,INTOXICATED & IMPAIRED DRIVING,90
2922,121,OFFENSES AGAINST PUBLIC ADMINI,53
2923,121,NYS LAWS-UNCLASSIFIED FELONY,17
2924,121,FELONY ASSAULT,152
2925,121,ASSAULT 3 & RELATED OFFENSES,234
2926,121,OFFENSES AGAINST THE PERSON,8
2927,121,PETIT LARCENY,217
2928,121,OTHER OFFENSES RELATED TO THEF,4
2929,121,SEX CRIMES,22
2930,121,FORGERY,22
2931,121,DANGEROUS DRUGS,123
2932,121,OFFENSES INVOLVING FRAUD,43
2933,121,UNAUTHORIZED USE OF A VEHICLE,12
2934,121,OFFENSES AGAINST PUBLIC SAFETY,2
2935,121,OFF. AGNST PUB ORD SENSBLTY &,41
2936,121,GRAND LARCENY OF MOTOR VEHICLE,8
2937,121,BURGLAR'S TOOLS,1
2938,121,OTHER STATE LAWS (NON PENAL LA,4
2939,121,CRIMINAL MISCHIEF & RELATED OF,120
2940,121,MISCELLANEOUS PENAL LAW,224
2941,122,OFFENSES AGAINST PUBLIC ADMINI,22
2942,122,UNAUTHORIZED USE OF A VEHICLE,7
2943,122,VEHICLE AND TRAFFIC LAWS,72
2944,122,OTHER TRAFFIC INFRACTION,17
2945,122,INTOXICATED & IMPAIRED DRIVING,59
2946,122,FRAUDS,3
2947,122,NYS LAWS-UNCLASSIFIED FELONY,13
2948,122,DANGEROUS WEAPONS,32
2949,122,OFFENSES AGAINST THE PERSON,14
2950,122,RAPE,4
2951,122,OTHER STATE LAWS,1
2952,122,PROSTITUTION & RELATED OFFENSES,1
2953,122,DANGEROUS DRUGS,87
2954,122,GRAND LARCENY,26
2955,122,FELONY ASSAULT,91
2956,122,POSSESSION OF STOLEN PROPERTY,22
2957,122,MISCELLANEOUS PENAL LAW,176
2958,122,ASSAULT 3 & RELATED OFFENSES,172
2959,122,KIDNAPPING & RELATED OFFENSES,2
2960,122,MURDER & NON-NEGL. MANSLAUGHTE,2
2961,122,FORGERY,10
2962,122,OFFENSES INVOLVING FRAUD,15
2963,122,FOR OTHER AUTHORITIES,5
2964,122,SEX CRIMES,20
2965,122,THEFT-FRAUD,2
2966,122,CRIMINAL MISCHIEF & RELATED OF,101
2967,122,ARSON,1
2968,122,OTHER OFFENSES RELATED TO THEF,2
2969,122,GRAND LARCENY OF MOTOR VEHICLE,14
2970,122,ROBBERY,21
2971,122,OFF. AGNST PUB ORD SENSBLTY &,32
2972,122,CRIMINAL TRESPASS,9
2973,122,BURGLARY,42
2974,122,OTHER STATE LAWS (NON PENAL LA,5
2975,122,PETIT LARCENY,114
2976,122,INTOXICATED/IMPAIRED DRIVING,11
2977,123,OFFENSES AGAINST PUBLIC ADMINI,53
2978,123,RAPE,1
2979,123,OFFENSES INVOLVING FRAUD,4
2980,123,VEHICLE AND TRAFFIC LAWS,48
2981,123,CRIMINAL TRESPASS,9
2982,123,FOR OTHER AUTHORITIES,4
2983,123,UNAUTHORIZED USE OF A VEHICLE,4
2984,123,FORGERY,8
2985,123,OFF. AGNST PUB ORD SENSBLTY &,33
2986,123,INTOXICATED & IMPAIRED DRIVING,44
2987,123,ARSON,2
2988,123,BURGLARY,10
2989,123,GRAND LARCENY OF MOTOR VEHICLE,8
2990,123,DANGEROUS DRUGS,32
2991,123,INTOXICATED/IMPAIRED DRIVING,5
2992,123,CRIMINAL MISCHIEF & RELATED OF,46
2993,123,ASSAULT 3 & RELATED OFFENSES,133
2994,123,ROBBERY,3
2995,123,PETIT LARCENY,69
2996,123,OTHER TRAFFIC INFRACTION,7
2997,123,ENDAN WELFARE INCOMP,1
2998,123,OTHER STATE LAWS (NON PENAL LA,6
2999,123,FELONY ASSAULT,49
3000,123,THEFT-FRAUD,2
3001,123,NYS LAWS-UNCLASSIFIED FELONY,6
3002,123,OTHER OFFENSES RELATED TO THEF,2
3003,123,DANGEROUS WEAPONS,19
3004,123,OFFENSES AGAINST THE PERSON,9
3005,123,POSSESSION OF STOLEN PROPERTY,4
3006,123,MURDER & NON-NEGL. MANSLAUGHTE,2
3007,123,SEX CRIMES,12
3008,123,FRAUDS,3
3009,123,MISCELLANEOUS PENAL LAW,50
3010,123,GRAND LARCENY,31
