,SchoolDist,OfnsDesc,CrimeCount
0,1,HARRASSMENT 2,1
1,1,ROBBERY,119
2,1,OFFENSES AGAINST PUBLIC ADMINI,105
3,1,OTHER OFFENSES RELATED TO THEF,9
4,1,ENDAN WELFARE INCOMP,1
5,1,RAPE,3
6,1,DISORDERLY CONDUCT,1
7,1,MISCELLANEOUS PENAL LAW,86
8,1,CHILD ABANDONMENT/NON SUPPORT,1
9,1,FRAUDULENT ACCOSTING,3
10,1,NYS LAWS-UNCLASSIFIED FELONY,3
11,1,FOR OTHER AUTHORITIES,1
12,1,VEHICLE AND TRAFFIC LAWS,79
13,1,OTHER STATE LAWS,2
14,1,OFF. AGNST PUB ORD SENSBLTY &,62
15,1,DANGEROUS WEAPONS,53
16,1,FORGERY,24
17,1,OTHER TRAFFIC INFRACTION,25
18,1,POSSESSION OF STOLEN PROPERTY,26
19,1,UNAUTHORIZED USE OF A VEHICLE,2
20,1,CRIMINAL TRESPASS,28
21,1,ADMINISTRATIVE CODE,2
22,1,BURGLAR'S TOOLS,29
23,1,ASSAULT 3 & RELATED OFFENSES,383
24,1,MURDER & NON-NEGL. MANSLAUGHTE,17
25,1,CRIMINAL MISCHIEF & RELATED OF,123
26,1,SEX CRIMES,35
27,1,OTHER STATE LAWS (NON PENAL LA,1
28,1,DANGEROUS DRUGS,163
29,1,OFFENSES AGAINST THE PERSON,13
30,1,GRAND LARCENY,156
31,1,KIDNAPPING & RELATED OFFENSES,1
32,1,INTOXICATED/IMPAIRED DRIVING,1
33,1,BURGLARY,170
34,1,OFFENSES INVOLVING FRAUD,10
35,1,FRAUDS,7
36,1,FELONY ASSAULT,192
37,1,PROSTITUTION & RELATED OFFENSES,1
38,1,PETIT LARCENY,200
39,1,GAMBLING,4
40,1,INTOXICATED & IMPAIRED DRIVING,15
41,1,GRAND LARCENY OF MOTOR VEHICLE,14
42,2,RAPE,42
43,2,INTOXICATED/IMPAIRED DRIVING,8
44,2,PROSTITUTION & RELATED OFFENSES,47
45,2,VEHICLE AND TRAFFIC LAWS,365
46,2,KIDNAPPING AND RELATED OFFENSES,1
47,2,MOVING INFRACTIONS,5
48,2,MURDER & NON-NEGL. MANSLAUGHTE,48
49,2,OFFENSES RELATED TO CHILDREN,1
50,2,THEFT OF SERVICES,48
51,2,UNAUTHORIZED USE OF A VEHICLE,38
52,2,SEX CRIMES,259
53,2,OFFENSES AGAINST THE PERSON,67
54,2,OTHER OFFENSES RELATED TO THEF,165
55,2,INTOXICATED & IMPAIRED DRIVING,123
56,2,ESCAPE 3,1
57,2,OFF. AGNST PUB ORD SENSBLTY &,300
58,2,NYS LAWS-UNCLASSIFIED FELONY,114
59,2,OTHER TRAFFIC INFRACTION,125
60,2,OFFENSES INVOLVING FRAUD,97
61,2,GRAND LARCENY OF MOTOR VEHICLE,49
62,2,KIDNAPPING,1
63,2,KIDNAPPING & RELATED OFFENSES,1
64,2,BURGLAR'S TOOLS,137
65,2,FORGERY,156
66,2,ADMINISTRATIVE CODES,1
67,2,DANGEROUS WEAPONS,267
68,2,FRAUDS,52
69,2,POSSESSION OF STOLEN PROPERTY,314
70,2,PETIT LARCENY,2487
71,2,CRIMINAL TRESPASS,358
72,2,HARRASSMENT 2,3
73,2,DANGEROUS DRUGS,698
74,2,ASSAULT 3 & RELATED OFFENSES,1584
75,2,THEFT-FRAUD,21
76,2,DISORDERLY CONDUCT,13
77,2,JOSTLING,6
78,2,OTHER STATE LAWS,24
79,2,BURGLARY,1684
80,2,ROBBERY,959
81,2,OFFENSES AGAINST PUBLIC ADMINI,614
82,2,OFFENSES AGAINST PUBLIC SAFETY,3
83,2,OTHER STATE LAWS (NON PENAL LA,13
84,2,GRAND LARCENY,1850
85,2,ANTICIPATORY OFFENSES,2
86,2,ADMINISTRATIVE CODE,3
87,2,CHILD ABANDONMENT/NON SUPPORT,2
88,2,CRIMINAL MISCHIEF & RELATED OF,901
89,2,FELONY ASSAULT,916
90,2,AGRICULTURE & MRKTS LAW-UNCLASSIFIED,3
91,2,FRAUDULENT ACCOSTING,11
92,2,MISCELLANEOUS PENAL LAW,403
93,2,FOR OTHER AUTHORITIES,560
94,2,GAMBLING,2
95,2,ARSON,10
96,3,ANTICIPATORY OFFENSES,1
97,3,VEHICLE AND TRAFFIC LAWS,104
98,3,GRAND LARCENY OF MOTOR VEHICLE,10
99,3,FRAUDULENT ACCOSTING,2
100,3,OFFENSES AGAINST PUBLIC ADMINI,112
101,3,OTHER OFFENSES RELATED TO THEF,22
102,3,OFFENSES INVOLVING FRAUD,10
103,3,FRAUDS,11
104,3,DANGEROUS WEAPONS,98
105,3,CRIMINAL MISCHIEF & RELATED OF,125
106,3,ARSON,1
107,3,DANGEROUS DRUGS,289
108,3,GAMBLING,14
109,3,PROSTITUTION & RELATED OFFENSES,1
110,3,MISCELLANEOUS PENAL LAW,135
111,3,OFFENSES AGAINST PUBLIC SAFETY,1
112,3,CHILD ABANDONMENT/NON SUPPORT,1
113,3,ROBBERY,147
114,3,MURDER & NON-NEGL. MANSLAUGHTE,17
115,3,BURGLAR'S TOOLS,14
116,3,DISORDERLY CONDUCT,1
117,3,ADMINISTRATIVE CODE,1
118,3,NYS LAWS-UNCLASSIFIED FELONY,6
119,3,OTHER TRAFFIC INFRACTION,27
120,3,OTHER STATE LAWS,25
121,3,BURGLARY,196
122,3,SEX CRIMES,22
123,3,OFFENSES AGAINST THE PERSON,9
124,3,FELONY ASSAULT,213
125,3,OFF. AGNST PUB ORD SENSBLTY &,40
126,3,POSSESSION OF STOLEN PROPERTY,40
127,3,FORGERY,27
128,3,ASSAULT 3 & RELATED OFFENSES,469
129,3,INTOXICATED & IMPAIRED DRIVING,33
130,3,RAPE,2
131,3,PETIT LARCENY,537
132,3,CRIMINAL TRESPASS,79
133,3,THEFT-FRAUD,1
134,3,OTHER STATE LAWS (NON PENAL LA,2
135,3,THEFT OF SERVICES,3
136,3,UNAUTHORIZED USE OF A VEHICLE,4
137,3,FOR OTHER AUTHORITIES,13
138,3,GRAND LARCENY,170
139,4,CRIMINAL MISCHIEF & RELATED OF,215
140,4,PETIT LARCENY,192
141,4,OTHER STATE LAWS (NON PENAL LA,7
142,4,UNAUTHORIZED USE OF A VEHICLE,7
143,4,OFFENSES AGAINST THE PERSON,12
144,4,GRAND LARCENY OF MOTOR VEHICLE,12
145,4,"LOITERING/GAMBLING (CARDS, DIC",12
146,4,ROBBERY,167
147,4,FOR OTHER AUTHORITIES,13
148,4,DANGEROUS WEAPONS,206
149,4,FORGERY,34
150,4,GRAND LARCENY,106
151,4,NYS LAWS-UNCLASSIFIED FELONY,10
152,4,CRIMINAL TRESPASS,39
153,4,INTOXICATED & IMPAIRED DRIVING,30
154,4,OFFENSES INVOLVING FRAUD,45
155,4,OTHER TRAFFIC INFRACTION,9
156,4,BURGLAR'S TOOLS,8
157,4,GAMBLING,8
158,4,MURDER & NON-NEGL. MANSLAUGHTE,54
159,4,POSSESSION OF STOLEN PROPERTY,23
160,4,NEW YORK CITY HEALTH CODE,1
161,4,VEHICLE AND TRAFFIC LAWS,70
162,4,ARSON,1
163,4,CHILD ABANDONMENT/NON SUPPORT,1
164,4,HOMICIDE-NEGLIGENT-VEHICLE,1
165,4,KIDNAPPING & RELATED OFFENSES,1
166,4,SEX CRIMES,79
167,4,OFFENSES AGAINST PUBLIC SAFETY,1
168,4,THEFT-FRAUD,1
169,4,THEFT OF SERVICES,1
170,4,OFFENSES RELATED TO CHILDREN,1
171,4,OFF. AGNST PUB ORD SENSBLTY &,103
172,4,INTOXICATED/IMPAIRED DRIVING,4
173,4,RAPE,16
174,4,BURGLARY,126
175,4,MISCELLANEOUS PENAL LAW,145
176,4,OFFENSES AGAINST PUBLIC ADMINI,235
177,4,FRAUDS,11
178,4,DANGEROUS DRUGS,273
179,4,FELONY ASSAULT,329
180,4,OTHER OFFENSES RELATED TO THEF,6
181,4,ASSAULT 3 & RELATED OFFENSES,564
182,5,MISCELLANEOUS PENAL LAW,237
183,5,FELONY ASSAULT,378
184,5,THEFT OF SERVICES,5
185,5,FORGERY,46
186,5,MURDER & NON-NEGL. MANSLAUGHTE,49
187,5,OFFENSES INVOLVING FRAUD,51
188,5,RAPE,8
189,5,SEX CRIMES,57
190,5,INTOXICATED/IMPAIRED DRIVING,5
191,5,INTOXICATED & IMPAIRED DRIVING,69
192,5,PROSTITUTION & RELATED OFFENSES,1
193,5,OTHER STATE LAWS,1
194,5,PETIT LARCENY,312
195,5,CRIMINAL TRESPASS,97
196,5,OFF. AGNST PUB ORD SENSBLTY &,102
197,5,THEFT-FRAUD,7
198,5,ARSON,7
199,5,DANGEROUS WEAPONS,259
200,5,GRAND LARCENY,178
201,5,"HOMICIDE-NEGLIGENT,UNCLASSIFIE",1
202,5,OFFENSES AGAINST PUBLIC SAFETY,2
203,5,MOVING INFRACTIONS,2
204,5,KIDNAPPING & RELATED OFFENSES,2
205,5,FRAUDS,13
206,5,DANGEROUS DRUGS,1073
207,5,ASSAULT 3 & RELATED OFFENSES,722
208,5,GAMBLING,15
209,5,AGRICULTURE & MRKTS LAW-UNCLASSIFIED,4
210,5,OTHER TRAFFIC INFRACTION,16
211,5,UNAUTHORIZED USE OF A VEHICLE,16
212,5,OTHER STATE LAWS (NON PENAL LA,3
213,5,OFFENSES AGAINST THE PERSON,19
214,5,NYS LAWS-UNCLASSIFIED FELONY,19
215,5,OTHER OFFENSES RELATED TO THEF,19
216,5,GRAND LARCENY OF MOTOR VEHICLE,22
217,5,FOR OTHER AUTHORITIES,24
218,5,DISORDERLY CONDUCT,1
219,5,ENDAN WELFARE INCOMP,1
220,5,ALCOHOLIC BEVERAGE CONTROL LAW,2
221,5,ESCAPE 3,1
222,5,CHILD ABANDONMENT/NON SUPPORT,2
223,5,HARRASSMENT 2,2
224,5,BURGLAR'S TOOLS,9
225,5,ADMINISTRATIVE CODE,2
226,5,BURGLARY,186
227,5,VEHICLE AND TRAFFIC LAWS,186
228,5,POSSESSION OF STOLEN PROPERTY,46
229,5,OFFENSES AGAINST PUBLIC ADMINI,204
230,5,ROBBERY,234
231,5,CRIMINAL MISCHIEF & RELATED OF,231
232,6,INTOXICATED/IMPAIRED DRIVING,5
233,6,HARRASSMENT 2,1
234,6,NYS LAWS-UNCLASSIFIED FELONY,21
235,6,OFF. AGNST PUB ORD SENSBLTY &,91
236,6,PETIT LARCENY,230
237,6,UNAUTHORIZED USE OF A VEHICLE,18
238,6,ADMINISTRATIVE CODE,3
239,6,FRAUDS,10
240,6,ASSAULT 3 & RELATED OFFENSES,673
241,6,ALCOHOLIC BEVERAGE CONTROL LAW,15
242,6,KIDNAPPING & RELATED OFFENSES,1
243,6,GRAND LARCENY,137
244,6,BURGLAR'S TOOLS,7
245,6,MISCELLANEOUS PENAL LAW,152
246,6,OFFENSES AGAINST PUBLIC SAFETY,12
247,6,OTHER OFFENSES RELATED TO THEF,12
248,6,ARSON,1
249,6,OTHER TRAFFIC INFRACTION,24
250,6,"HOMICIDE-NEGLIGENT,UNCLASSIFIE",1
251,6,FELONY ASSAULT,345
252,6,MURDER & NON-NEGL. MANSLAUGHTE,48
253,6,HOMICIDE-NEGLIGENT-VEHICLE,1
254,6,SEX CRIMES,50
255,6,POSSESSION OF STOLEN PROPERTY,44
256,6,RAPE,8
257,6,THEFT-FRAUD,2
258,6,PROSTITUTION & RELATED OFFENSES,2
259,6,OFFENSES AGAINST THE PERSON,40
260,6,OTHER STATE LAWS,2
261,6,MOVING INFRACTIONS,2
262,6,GAMBLING,9
263,6,FOR OTHER AUTHORITIES,35
264,6,CRIMINAL TRESPASS,31
265,6,GRAND LARCENY OF MOTOR VEHICLE,30
266,6,OFFENSES INVOLVING FRAUD,64
267,6,DANGEROUS DRUGS,472
268,6,INTOXICATED & IMPAIRED DRIVING,68
269,6,ROBBERY,267
270,6,OFFENSES AGAINST PUBLIC ADMINI,158
271,6,FORGERY,47
272,6,DANGEROUS WEAPONS,165
273,6,VEHICLE AND TRAFFIC LAWS,188
274,6,BURGLARY,256
275,6,OTHER STATE LAWS (NON PENAL LA,7
276,6,CRIMINAL MISCHIEF & RELATED OF,197
277,7,HARRASSMENT 2,1
278,7,THEFT OF SERVICES,4
279,7,DANGEROUS DRUGS,698
280,7,OFF. AGNST PUB ORD SENSBLTY &,231
281,7,BURGLAR'S TOOLS,12
282,7,POSSESSION OF STOLEN PROPERTY,52
283,7,JOSTLING,1
284,7,FRAUDS,23
285,7,FOR OTHER AUTHORITIES,52
286,7,OFFENSES AGAINST PUBLIC ADMINI,295
287,7,MISCELLANEOUS PENAL LAW,185
288,7,BURGLARY,131
289,7,RAPE,15
290,7,FORGERY,55
291,7,INTOXICATED/IMPAIRED DRIVING,6
292,7,DISORDERLY CONDUCT,2
293,7,"HOMICIDE-NEGLIGENT,UNCLASSIFIE",5
294,7,DANGEROUS WEAPONS,307
295,7,GRAND LARCENY OF MOTOR VEHICLE,33
296,7,ROBBERY,307
297,7,OTHER STATE LAWS,3
298,7,OFFENSES AGAINST THE PERSON,20
299,7,AGRICULTURE & MRKTS LAW-UNCLASSIFIED,3
300,7,NYS LAWS-UNCLASSIFIED FELONY,19
301,7,OTHER OFFENSES RELATED TO THEF,35
302,7,CRIMINAL MISCHIEF & RELATED OF,301
303,7,INTOXICATED & IMPAIRED DRIVING,55
304,7,VEHICLE AND TRAFFIC LAWS,113
305,7,GAMBLING,5
306,7,SEX CRIMES,91
307,7,CRIMINAL TRESPASS,18
308,7,FELONY ASSAULT,594
309,7,OTHER TRAFFIC INFRACTION,14
310,7,MURDER & NON-NEGL. MANSLAUGHTE,83
311,7,ARSON,4
312,7,OFFENSES INVOLVING FRAUD,27
313,7,PETIT LARCENY,211
314,7,OTHER STATE LAWS (NON PENAL LA,8
315,7,ANTICIPATORY OFFENSES,7
316,7,GRAND LARCENY,174
317,7,ASSAULT 3 & RELATED OFFENSES,1132
318,7,OFFENSES AGAINST PUBLIC SAFETY,4
319,7,UNAUTHORIZED USE OF A VEHICLE,11
320,7,ADMINISTRATIVE CODE,4
321,7,ENDAN WELFARE INCOMP,2
322,7,PROSTITUTION & RELATED OFFENSES,13
323,8,OTHER OFFENSES RELATED TO THEF,13
324,8,ALCOHOLIC BEVERAGE CONTROL LAW,3
325,8,INTOXICATED/IMPAIRED DRIVING,11
326,8,ESCAPE 3,1
327,8,ASSAULT 3 & RELATED OFFENSES,1055
328,8,DANGEROUS DRUGS,357
329,8,OFFENSES AGAINST PUBLIC ADMINI,301
330,8,PETIT LARCENY,274
331,8,INTOXICATED & IMPAIRED DRIVING,58
332,8,VEHICLE AND TRAFFIC LAWS,171
333,8,FORGERY,45
334,8,ADMINISTRATIVE CODE,3
335,8,BURGLAR'S TOOLS,19
336,8,OTHER TRAFFIC INFRACTION,19
337,8,ROBBERY,341
338,8,CRIMINAL TRESPASS,33
339,8,FRAUDS,8
340,8,RAPE,99
341,8,OTHER STATE LAWS,2
342,8,CRIMINAL MISCHIEF & RELATED OF,276
343,8,OFFENSES INVOLVING FRAUD,36
344,8,OFFENSES AGAINST THE PERSON,20
345,8,MURDER & NON-NEGL. MANSLAUGHTE,54
346,8,PROSTITUTION & RELATED OFFENSES,203
347,8,ANTICIPATORY OFFENSES,4
348,8,DANGEROUS WEAPONS,221
349,8,"HOMICIDE-NEGLIGENT,UNCLASSIFIE",1
350,8,ARSON,2
351,8,UNAUTHORIZED USE OF A VEHICLE,19
352,8,OFF. AGNST PUB ORD SENSBLTY &,132
353,8,POSSESSION OF STOLEN PROPERTY,65
354,8,THEFT OF SERVICES,1
355,8,OFFENSES AGAINST PUBLIC SAFETY,11
356,8,NYS LAWS-UNCLASSIFIED FELONY,11
357,8,GRAND LARCENY OF MOTOR VEHICLE,49
358,8,FELONY ASSAULT,561
359,8,MISCELLANEOUS PENAL LAW,192
360,8,SEX CRIMES,161
361,8,GRAND LARCENY,140
362,8,GAMBLING,17
363,8,FOR OTHER AUTHORITIES,53
364,8,CHILD ABANDONMENT/NON SUPPORT,1
365,8,OTHER STATE LAWS (NON PENAL LA,11
366,8,BURGLARY,130
367,9,AGRICULTURE & MRKTS LAW-UNCLASSIFIED,2
368,9,FRAUDS,26
369,9,UNAUTHORIZED USE OF A VEHICLE,12
370,9,OTHER STATE LAWS,2
371,9,GAMBLING,20
372,9,OFFENSES AGAINST PUBLIC SAFETY,2
373,9,POSSESSION OF STOLEN PROPERTY,81
374,9,ALCOHOLIC BEVERAGE CONTROL LAW,23
375,9,MURDER & NON-NEGL. MANSLAUGHTE,88
376,9,NYS LAWS-UNCLASSIFIED FELONY,32
377,9,FORGERY,58
378,9,CRIMINAL TRESPASS,27
379,9,KIDNAPPING & RELATED OFFENSES,2
380,9,PROSTITUTION & RELATED OFFENSES,7
381,9,INTOXICATED/IMPAIRED DRIVING,6
382,9,HARRASSMENT 2,2
383,9,OTHER STATE LAWS (NON PENAL LA,14
384,9,FELONY ASSAULT,712
385,9,VEHICLE AND TRAFFIC LAWS,280
386,9,MISCELLANEOUS PENAL LAW,234
387,9,ROBBERY,369
388,9,RAPE,19
389,9,THEFT-FRAUD,1
390,9,ARSON,6
391,9,GRAND LARCENY,122
392,9,OFFENSES AGAINST THE PERSON,53
393,9,CRIMINAL MISCHIEF & RELATED OF,388
394,9,GRAND LARCENY OF MOTOR VEHICLE,45
395,9,OTHER TRAFFIC INFRACTION,15
396,9,ADMINISTRATIVE CODE,4
397,9,CHILD ABANDONMENT/NON SUPPORT,1
398,9,BURGLAR'S TOOLS,14
399,9,PETIT LARCENY,253
400,9,THEFT OF SERVICES,17
401,9,BURGLARY,161
402,9,SEX CRIMES,102
403,9,ANTICIPATORY OFFENSES,12
404,9,OTHER STATE LAWS (NON PENAL LAW),3
405,9,MOVING INFRACTIONS,1
406,9,DANGEROUS DRUGS,650
407,9,DANGEROUS WEAPONS,353
408,9,INTOXICATED & IMPAIRED DRIVING,56
409,9,ASSAULT 3 & RELATED OFFENSES,1413
410,9,ENDAN WELFARE INCOMP,1
411,9,OTHER OFFENSES RELATED TO THEF,36
412,9,OFFENSES AGAINST PUBLIC ADMINI,353
413,9,OFF. AGNST PUB ORD SENSBLTY &,115
414,9,FOR OTHER AUTHORITIES,54
415,9,"HOMICIDE-NEGLIGENT,UNCLASSIFIE",6
416,9,OFFENSES INVOLVING FRAUD,165
417,10,ANTICIPATORY OFFENSES,9
418,10,PROSTITUTION & RELATED OFFENSES,4
419,10,ROBBERY,481
420,10,OTHER OFFENSES RELATED TO THEF,45
421,10,GAMBLING,49
422,10,RAPE,26
423,10,CRIMINAL TRESPASS,52
424,10,GRAND LARCENY OF MOTOR VEHICLE,67
425,10,OFF. AGNST PUB ORD SENSBLTY &,190
426,10,FORGERY,52
427,10,OFFENSES AGAINST THE PERSON,52
428,10,HARRASSMENT 2,2
429,10,VEHICLE AND TRAFFIC LAWS,186
430,10,ADMINISTRATIVE CODE,5
431,10,NYS LAWS-UNCLASSIFIED FELONY,29
432,10,CRIMINAL MISCHIEF & RELATED OF,421
433,10,DANGEROUS WEAPONS,352
434,10,ALCOHOLIC BEVERAGE CONTROL LAW,26
435,10,BURGLARY,214
436,10,GRAND LARCENY,213
437,10,FRAUDULENT ACCOSTING,8
438,10,DISORDERLY CONDUCT,1
439,10,INTOXICATED & IMPAIRED DRIVING,95
440,10,FOR OTHER AUTHORITIES,87
441,10,JOSTLING,3
442,10,ARSON,3
443,10,UNAUTHORIZED USE OF A VEHICLE,21
444,10,OFFENSES AGAINST PUBLIC ADMINI,310
445,10,AGRICULTURE & MRKTS LAW-UNCLASSIFIED,1
446,10,PETIT LARCENY,568
447,10,OFFENSES AGAINST PUBLIC SAFETY,12
448,10,POSSESSION OF STOLEN PROPERTY,70
449,10,OTHER TRAFFIC INFRACTION,22
450,10,THEFT-FRAUD,9
451,10,BURGLAR'S TOOLS,22
452,10,FELONY ASSAULT,803
453,10,MISCELLANEOUS PENAL LAW,232
454,10,DANGEROUS DRUGS,923
455,10,CHILD ABANDONMENT/NON SUPPORT,3
456,10,MOVING INFRACTIONS,2
457,10,OTHER STATE LAWS (NON PENAL LA,14
458,10,MURDER & NON-NEGL. MANSLAUGHTE,102
459,10,OTHER STATE LAWS,10
460,10,ENDAN WELFARE INCOMP,1
461,10,INTOXICATED/IMPAIRED DRIVING,10
462,10,OFFENSES RELATED TO CHILDREN,2
463,10,SEX CRIMES,126
464,10,ASSAULT 3 & RELATED OFFENSES,1578
465,10,FRAUDS,14
466,10,KIDNAPPING & RELATED OFFENSES,2
467,10,OFFENSES INVOLVING FRAUD,82
468,10,THEFT OF SERVICES,1
469,11,OFFENSES RELATED TO CHILDREN,4
470,11,GRAND LARCENY,170
471,11,FRAUDS,9
472,11,FELONY ASSAULT,650
473,11,OTHER TRAFFIC INFRACTION,17
474,11,INTOXICATED/IMPAIRED DRIVING,25
475,11,DANGEROUS DRUGS,295
476,11,ROBBERY,294
477,11,VEHICLE AND TRAFFIC LAWS,189
478,11,CRIMINAL TRESPASS,41
479,11,KIDNAPPING & RELATED OFFENSES,3
480,11,ADMINISTRATIVE CODE,3
481,11,PETIT LARCENY,353
482,11,CRIMINAL MISCHIEF & RELATED OF,290
483,11,BURGLAR'S TOOLS,10
484,11,RAPE,15
485,11,OFFENSES AGAINST THE PERSON,42
486,11,POSSESSION OF STOLEN PROPERTY,51
487,11,MOVING INFRACTIONS,1
488,11,PROSTITUTION & RELATED OFFENSES,18
489,11,ENDAN WELFARE INCOMP,1
490,11,SEX CRIMES,105
491,11,OFFENSES INVOLVING FRAUD,73
492,11,FORGERY,73
493,11,ASSAULT 3 & RELATED OFFENSES,1319
494,11,OFFENSES AGAINST PUBLIC ADMINI,261
495,11,GRAND LARCENY OF MOTOR VEHICLE,24
496,11,AGRICULTURE & MRKTS LAW-UNCLASSIFIED,2
497,11,OTHER OFFENSES RELATED TO THEF,6
498,11,GAMBLING,6
499,11,OFFENSES AGAINST PUBLIC SAFETY,4
500,11,ALCOHOLIC BEVERAGE CONTROL LAW,29
501,11,ARSON,1
502,11,HARRASSMENT 2,1
503,11,INTOXICATED & IMPAIRED DRIVING,87
504,11,MURDER & NON-NEGL. MANSLAUGHTE,57
505,11,FOR OTHER AUTHORITIES,99
506,11,NYS LAWS-UNCLASSIFIED FELONY,14
507,11,UNAUTHORIZED USE OF A VEHICLE,19
508,11,CHILD ABANDONMENT/NON SUPPORT,2
509,11,THEFT-FRAUD,6
510,11,DANGEROUS WEAPONS,217
511,11,OFF. AGNST PUB ORD SENSBLTY &,135
512,11,BURGLARY,140
513,11,OTHER STATE LAWS (NON PENAL LA,10
514,11,ANTICIPATORY OFFENSES,3
515,11,MISCELLANEOUS PENAL LAW,216
516,12,OFFENSES AGAINST THE PERSON,13
517,12,CRIMINAL TRESPASS,13
518,12,MURDER & NON-NEGL. MANSLAUGHTE,14
519,12,OTHER STATE LAWS,2
520,12,OTHER TRAFFIC INFRACTION,13
521,12,NYS LAWS-UNCLASSIFIED FELONY,18
522,12,THEFT-FRAUD,1
523,12,INTOXICATED & IMPAIRED DRIVING,25
524,12,GAMBLING,4
525,12,OFFENSES INVOLVING FRAUD,24
526,12,OTHER STATE LAWS (NON PENAL LA,1
527,12,BURGLAR'S TOOLS,9
528,12,OTHER STATE LAWS (NON PENAL LAW),1
529,12,OFF. AGNST PUB ORD SENSBLTY &,30
530,12,FORGERY,43
531,12,ASSAULT 3 & RELATED OFFENSES,611
532,12,UNAUTHORIZED USE OF A VEHICLE,6
533,12,KIDNAPPING & RELATED OFFENSES,1
534,12,OTHER OFFENSES RELATED TO THEF,9
535,12,PROSTITUTION & RELATED OFFENSES,3
536,12,FRAUDS,5
537,12,FOR OTHER AUTHORITIES,18
538,12,HARRASSMENT 2,1
539,12,GRAND LARCENY OF MOTOR VEHICLE,20
540,12,OFFENSES AGAINST PUBLIC SAFETY,1
541,12,DANGEROUS WEAPONS,193
542,12,VEHICLE AND TRAFFIC LAWS,87
543,12,MOVING INFRACTIONS,1
544,12,OFFENSES AGAINST PUBLIC ADMINI,82
545,12,"HOMICIDE-NEGLIGENT,UNCLASSIFIE",1
546,12,GRAND LARCENY,124
547,12,MISCELLANEOUS PENAL LAW,70
548,12,ENDAN WELFARE INCOMP,1
549,12,INTOXICATED/IMPAIRED DRIVING,5
550,12,ARSON,2
551,12,ANTICIPATORY OFFENSES,2
552,12,BURGLARY,61
553,12,CRIMINAL MISCHIEF & RELATED OF,139
554,12,ROBBERY,277
555,12,DANGEROUS DRUGS,353
556,12,PETIT LARCENY,166
557,12,ALCOHOLIC BEVERAGE CONTROL LAW,8
558,12,DISORDERLY CONDUCT,2
559,12,POSSESSION OF STOLEN PROPERTY,48
560,12,FELONY ASSAULT,253
561,13,GRAND LARCENY,324
562,13,INTOXICATED/IMPAIRED DRIVING,9
563,13,RAPE,14
564,13,OFFENSES AGAINST THE PERSON,13
565,13,JOSTLING,1
566,13,BURGLARY,288
567,13,ANTICIPATORY OFFENSES,1
568,13,CRIMINAL MISCHIEF & RELATED OF,196
569,13,ALCOHOLIC BEVERAGE CONTROL LAW,4
570,13,OTHER OFFENSES RELATED TO THEF,64
571,13,MOVING INFRACTIONS,2
572,13,"HOMICIDE-NEGLIGENT,UNCLASSIFIE",1
573,13,GRAND LARCENY OF MOTOR VEHICLE,30
574,13,VEHICLE AND TRAFFIC LAWS,99
575,13,FORGERY,87
576,13,GAMBLING,21
577,13,OFFENSES INVOLVING FRAUD,5
578,13,UNAUTHORIZED USE OF A VEHICLE,14
579,13,HARRASSMENT 2,1
580,13,KIDNAPPING & RELATED OFFENSES,3
581,13,DANGEROUS WEAPONS,284
582,13,DANGEROUS DRUGS,300
583,13,POSSESSION OF STOLEN PROPERTY,47
584,13,DISORDERLY CONDUCT,1
585,13,SEX CRIMES,130
586,13,MISCELLANEOUS PENAL LAW,385
587,13,ASSAULT 3 & RELATED OFFENSES,544
588,13,MURDER & NON-NEGL. MANSLAUGHTE,40
589,13,THEFT OF SERVICES,1
590,13,OFF. AGNST PUB ORD SENSBLTY &,92
591,13,FOR OTHER AUTHORITIES,115
592,13,PROSTITUTION & RELATED OFFENSES,6
593,13,THEFT-FRAUD,4
594,13,OTHER STATE LAWS (NON PENAL LA,11
595,13,OFFENSES AGAINST PUBLIC ADMINI,124
596,13,FRAUDS,12
597,13,INTOXICATED & IMPAIRED DRIVING,52
598,13,ADMINISTRATIVE CODE,10
599,13,BURGLAR'S TOOLS,23
600,13,OTHER STATE LAWS,17
601,13,NYS LAWS-UNCLASSIFIED FELONY,15
602,13,CRIMINAL TRESPASS,91
603,13,PETIT LARCENY,490
604,13,FELONY ASSAULT,383
605,13,OTHER TRAFFIC INFRACTION,24
606,13,ROBBERY,370
607,14,HARRASSMENT 2,5
608,14,ALCOHOLIC BEVERAGE CONTROL LAW,3
609,14,DANGEROUS DRUGS,251
610,14,CRIMINAL MISCHIEF & RELATED OF,138
611,14,FORGERY,31
612,14,GRAND LARCENY OF MOTOR VEHICLE,17
613,14,GRAND LARCENY,63
614,14,OTHER STATE LAWS,2
615,14,THEFT OF SERVICES,1
616,14,OFFENSES AGAINST PUBLIC ADMINI,64
617,14,PROSTITUTION & RELATED OFFENSES,1
618,14,SEX CRIMES,29
619,14,DANGEROUS WEAPONS,134
620,14,ASSAULT 3 & RELATED OFFENSES,290
621,14,INTOXICATED/IMPAIRED DRIVING,5
622,14,OFF. AGNST PUB ORD SENSBLTY &,28
623,14,ROBBERY,69
624,14,MOVING INFRACTIONS,1
625,14,FOR OTHER AUTHORITIES,10
626,14,GAMBLING,2
627,14,OTHER STATE LAWS (NON PENAL LA,9
628,14,BURGLAR'S TOOLS,39
629,14,PETIT LARCENY,210
630,14,FELONY ASSAULT,193
631,14,OFFENSES AGAINST THE PERSON,13
632,14,POSSESSION OF STOLEN PROPERTY,39
633,14,ADMINISTRATIVE CODE,2
634,14,OTHER OFFENSES RELATED TO THEF,18
635,14,BURGLARY,145
636,14,UNAUTHORIZED USE OF A VEHICLE,13
637,14,NYS LAWS-UNCLASSIFIED FELONY,7
638,14,INTOXICATED & IMPAIRED DRIVING,37
639,14,MISCELLANEOUS PENAL LAW,154
640,14,VEHICLE AND TRAFFIC LAWS,44
641,14,CRIMINAL TRESPASS,39
642,14,MURDER & NON-NEGL. MANSLAUGHTE,5
643,14,DISORDERLY CONDUCT,2
644,14,FRAUDS,2
645,14,RAPE,2
646,14,THEFT-FRAUD,1
647,14,OTHER TRAFFIC INFRACTION,11
648,14,OFFENSES INVOLVING FRAUD,4
649,15,INTOXICATED/IMPAIRED DRIVING,12
650,15,KIDNAPPING,1
651,15,BURGLARY,155
652,15,ARSON,1
653,15,OFFENSES INVOLVING FRAUD,5
654,15,OTHER TRAFFIC INFRACTION,69
655,15,HARRASSMENT 2,2
656,15,FOR OTHER AUTHORITIES,33
657,15,POSSESSION OF STOLEN PROPERTY,41
658,15,SEX CRIMES,47
659,15,ROBBERY,169
660,15,FORGERY,51
661,15,OTHER STATE LAWS,25
662,15,GAMBLING,5
663,15,MURDER & NON-NEGL. MANSLAUGHTE,18
664,15,ALCOHOLIC BEVERAGE CONTROL LAW,1
665,15,CRIMINAL MISCHIEF & RELATED OF,256
666,15,ADMINISTRATIVE CODE,12
667,15,OFF. AGNST PUB ORD SENSBLTY &,118
668,15,FELONY ASSAULT,330
669,15,ENDAN WELFARE INCOMP,1
670,15,OFFENSES AGAINST PUBLIC ADMINI,84
671,15,GRAND LARCENY OF MOTOR VEHICLE,27
672,15,BURGLAR'S TOOLS,23
673,15,CRIMINAL TRESPASS,57
674,15,THEFT OF SERVICES,1
675,15,DANGEROUS DRUGS,214
676,15,INTOXICATED & IMPAIRED DRIVING,85
677,15,MISCELLANEOUS PENAL LAW,242
678,15,KIDNAPPING & RELATED OFFENSES,3
679,15,FRAUDS,9
680,15,DANGEROUS WEAPONS,85
681,15,OFFENSES AGAINST PUBLIC SAFETY,1
682,15,GRAND LARCENY,129
683,15,OTHER STATE LAWS (NON PENAL LA,7
684,15,DISORDERLY CONDUCT,2
685,15,PROSTITUTION & RELATED OFFENSES,8
686,15,VEHICLE AND TRAFFIC LAWS,153
687,15,PETIT LARCENY,412
688,15,ANTICIPATORY OFFENSES,1
689,15,OFFENSES AGAINST THE PERSON,14
690,15,NYS LAWS-UNCLASSIFIED FELONY,13
691,15,ASSAULT 3 & RELATED OFFENSES,550
692,15,RAPE,3
693,15,UNAUTHORIZED USE OF A VEHICLE,13
694,15,OTHER OFFENSES RELATED TO THEF,50
695,16,MISCELLANEOUS PENAL LAW,249
696,16,BURGLARY,103
697,16,UNAUTHORIZED USE OF A VEHICLE,7
698,16,OTHER STATE LAWS,7
699,16,CRIMINAL TRESPASS,22
700,16,CRIMINAL MISCHIEF & RELATED OF,105
701,16,GRAND LARCENY OF MOTOR VEHICLE,23
702,16,OFFENSES AGAINST PUBLIC SAFETY,1
703,16,BURGLAR'S TOOLS,3
704,16,GAMBLING,7
705,16,OTHER TRAFFIC INFRACTION,6
706,16,ROBBERY,177
707,16,KIDNAPPING & RELATED OFFENSES,2
708,16,VEHICLE AND TRAFFIC LAWS,32
709,16,POSSESSION OF STOLEN PROPERTY,32
710,16,OTHER OFFENSES RELATED TO THEF,14
711,16,SEX CRIMES,178
712,16,FOR OTHER AUTHORITIES,6
713,16,OFF. AGNST PUB ORD SENSBLTY &,56
714,16,MURDER & NON-NEGL. MANSLAUGHTE,31
715,16,OTHER STATE LAWS (NON PENAL LA,6
716,16,FORGERY,37
717,16,FELONY ASSAULT,271
718,16,PETIT LARCENY,51
719,16,OFFENSES AGAINST PUBLIC ADMINI,51
720,16,OFFENSES INVOLVING FRAUD,12
721,16,NYS LAWS-UNCLASSIFIED FELONY,8
722,16,INTOXICATED/IMPAIRED DRIVING,5
723,16,DANGEROUS DRUGS,135
724,16,RAPE,98
725,16,ADMINISTRATIVE CODE,2
726,16,INTOXICATED & IMPAIRED DRIVING,31
727,16,GRAND LARCENY,67
728,16,FRAUDS,5
729,16,AGRICULTURE & MRKTS LAW-UNCLASSIFIED,4
730,16,ALCOHOLIC BEVERAGE CONTROL LAW,1
731,16,OFFENSES AGAINST THE PERSON,6
732,16,ASSAULT 3 & RELATED OFFENSES,420
733,16,DANGEROUS WEAPONS,218
734,16,PROSTITUTION & RELATED OFFENSES,1
735,17,VEHICLE AND TRAFFIC LAWS,119
736,17,OFFENSES AGAINST PUBLIC ADMINI,120
737,17,OFFENSES AGAINST PUBLIC SAFETY,1
738,17,ANTICIPATORY OFFENSES,1
739,17,UNAUTHORIZED USE OF A VEHICLE,12
740,17,INTOXICATED/IMPAIRED DRIVING,12
741,17,GRAND LARCENY,104
742,17,THEFT OF SERVICES,1
743,17,ASSAULT 3 & RELATED OFFENSES,687
744,17,PETIT LARCENY,231
745,17,FORGERY,126
746,17,BURGLARY,144
747,17,RAPE,11
748,17,GAMBLING,18
749,17,ROBBERY,192
750,17,PROSTITUTION & RELATED OFFENSES,1
751,17,OTHER STATE LAWS (NON PENAL LA,13
752,17,DANGEROUS DRUGS,296
753,17,KIDNAPPING & RELATED OFFENSES,2
754,17,SEX CRIMES,42
755,17,DANGEROUS WEAPONS,333
756,17,OTHER STATE LAWS,6
757,17,BURGLAR'S TOOLS,3
758,17,NYS LAWS-UNCLASSIFIED FELONY,8
759,17,AGRICULTURE & MRKTS LAW-UNCLASSIFIED,1
760,17,OTHER OFFENSES RELATED TO THEF,38
761,17,CRIMINAL TRESPASS,38
762,17,OFFENSES AGAINST THE PERSON,21
763,17,ALCOHOLIC BEVERAGE CONTROL LAW,2
764,17,FELONY ASSAULT,470
765,17,POSSESSION OF STOLEN PROPERTY,40
766,17,THEFT-FRAUD,2
767,17,CRIMINAL MISCHIEF & RELATED OF,212
768,17,INTOXICATED & IMPAIRED DRIVING,40
769,17,FRAUDS,5
770,17,MURDER & NON-NEGL. MANSLAUGHTE,26
771,17,GRAND LARCENY OF MOTOR VEHICLE,68
772,17,HARRASSMENT 2,2
773,17,OTHER TRAFFIC INFRACTION,45
774,17,MISCELLANEOUS PENAL LAW,359
775,17,OFF. AGNST PUB ORD SENSBLTY &,94
776,17,ADMINISTRATIVE CODE,6
777,17,ARSON,8
778,17,FOR OTHER AUTHORITIES,8
779,17,ENDAN WELFARE INCOMP,2
780,17,OFFENSES INVOLVING FRAUD,45
781,18,BURGLAR'S TOOLS,1
782,18,OTHER STATE LAWS,4
783,18,GAMBLING,7
784,18,OTHER OFFENSES RELATED TO THEF,4
785,18,ADMINISTRATIVE CODE,2
786,18,OFF. AGNST PUB ORD SENSBLTY &,31
787,18,PETIT LARCENY,59
788,18,DANGEROUS DRUGS,136
789,18,FELONY ASSAULT,238
790,18,OTHER TRAFFIC INFRACTION,33
791,18,ENDAN WELFARE INCOMP,1
792,18,OFFENSES INVOLVING FRAUD,47
793,18,OFFENSES AGAINST PUBLIC ADMINI,50
794,18,INTOXICATED & IMPAIRED DRIVING,43
795,18,MISCELLANEOUS PENAL LAW,172
796,18,GRAND LARCENY,51
797,18,GRAND LARCENY OF MOTOR VEHICLE,39
798,18,OTHER STATE LAWS (NON PENAL LA,5
799,18,THEFT-FRAUD,4
800,18,OFFENSES RELATED TO CHILDREN,5
801,18,INTOXICATED/IMPAIRED DRIVING,6
802,18,FOR OTHER AUTHORITIES,4
803,18,PROSTITUTION & RELATED OFFENSES,2
804,18,BURGLARY,35
805,18,ASSAULT 3 & RELATED OFFENSES,401
806,18,MURDER & NON-NEGL. MANSLAUGHTE,8
807,18,DANGEROUS WEAPONS,202
808,18,POSSESSION OF STOLEN PROPERTY,28
809,18,SEX CRIMES,17
810,18,NYS LAWS-UNCLASSIFIED FELONY,17
811,18,FORGERY,76
812,18,OFFENSES AGAINST THE PERSON,16
813,18,UNAUTHORIZED USE OF A VEHICLE,17
814,18,ARSON,5
815,18,FRAUDS,3
816,18,ROBBERY,75
817,18,VEHICLE AND TRAFFIC LAWS,111
818,18,RAPE,3
819,18,CRIMINAL TRESPASS,20
820,18,CRIMINAL MISCHIEF & RELATED OF,109
821,18,ALCOHOLIC BEVERAGE CONTROL LAW,20
822,19,THEFT OF SERVICES,9
823,19,ALCOHOLIC BEVERAGE CONTROL LAW,33
824,19,CRIMINAL TRESPASS,23
825,19,OFFENSES AGAINST PUBLIC ADMINI,90
826,19,PROSTITUTION & RELATED OFFENSES,11
827,19,VEHICLE AND TRAFFIC LAWS,81
828,19,FELONY ASSAULT,534
829,19,BURGLARY,142
830,19,OTHER OFFENSES RELATED TO THEF,23
831,19,INTOXICATED & IMPAIRED DRIVING,35
832,19,MURDER & NON-NEGL. MANSLAUGHTE,38
833,19,GRAND LARCENY,107
834,19,ADMINISTRATIVE CODE,2
835,19,FOR OTHER AUTHORITIES,10
836,19,ANTICIPATORY OFFENSES,7
837,19,DANGEROUS DRUGS,269
838,19,MOVING INFRACTIONS,1
839,19,INTOXICATED/IMPAIRED DRIVING,6
840,19,GAMBLING,6
841,19,OFF. AGNST PUB ORD SENSBLTY &,91
842,19,BURGLAR'S TOOLS,13
843,19,CHILD ABANDONMENT/NON SUPPORT,2
844,19,DANGEROUS WEAPONS,381
845,19,GRAND LARCENY OF MOTOR VEHICLE,54
846,19,NYS LAWS-UNCLASSIFIED FELONY,18
847,19,ARSON,1
848,19,PETIT LARCENY,136
849,19,OTHER TRAFFIC INFRACTION,21
850,19,THEFT-FRAUD,1
851,19,RAPE,4
852,19,MISCELLANEOUS PENAL LAW,344
853,19,OFFENSES INVOLVING FRAUD,26
854,19,DISORDERLY CONDUCT,1
855,19,POSSESSION OF STOLEN PROPERTY,69
856,19,OFFENSES AGAINST THE PERSON,15
857,19,AGRICULTURE & MRKTS LAW-UNCLASSIFIED,3
858,19,CRIMINAL MISCHIEF & RELATED OF,186
859,19,UNAUTHORIZED USE OF A VEHICLE,15
860,19,ROBBERY,366
861,19,KIDNAPPING & RELATED OFFENSES,2
862,19,SEX CRIMES,46
863,19,ASSAULT 3 & RELATED OFFENSES,514
864,19,FORGERY,101
865,19,HARRASSMENT 2,2
866,19,OTHER STATE LAWS (NON PENAL LA,7
867,19,OTHER STATE LAWS,14
868,19,OFFENSES AGAINST PUBLIC SAFETY,1
869,19,FRAUDS,7
870,20,THEFT-FRAUD,3
871,20,FRAUDS,3
872,20,KIDNAPPING & RELATED OFFENSES,1
873,20,FELONY ASSAULT,251
874,20,POSSESSION OF STOLEN PROPERTY,47
875,20,MISCELLANEOUS PENAL LAW,309
876,20,VEHICLE AND TRAFFIC LAWS,192
877,20,OFFENSES RELATED TO CHILDREN,2
878,20,DISORDERLY CONDUCT,1
879,20,BURGLARY,93
880,20,OFFENSES AGAINST PUBLIC ADMINI,52
881,20,OFFENSES AGAINST PUBLIC SAFETY,2
882,20,ARSON,1
883,20,OTHER OFFENSES RELATED TO THEF,12
884,20,ALCOHOLIC BEVERAGE CONTROL LAW,4
885,20,CRIMINAL MISCHIEF & RELATED OF,154
886,20,NYS LAWS-UNCLASSIFIED FELONY,25
887,20,ASSAULT 3 & RELATED OFFENSES,491
888,20,RAPE,10
889,20,UNAUTHORIZED USE OF A VEHICLE,16
890,20,OFFENSES AGAINST THE PERSON,26
891,20,SEX CRIMES,71
892,20,ADMINISTRATIVE CODE,10
893,20,DANGEROUS WEAPONS,127
894,20,HARRASSMENT 2,2
895,20,ENDAN WELFARE INCOMP,1
896,20,OTHER STATE LAWS,7
897,20,INTOXICATED & IMPAIRED DRIVING,120
898,20,GRAND LARCENY OF MOTOR VEHICLE,20
899,20,OFF. AGNST PUB ORD SENSBLTY &,39
900,20,GRAND LARCENY,119
901,20,OTHER STATE LAWS (NON PENAL LA,24
902,20,GAMBLING,9
903,20,DANGEROUS DRUGS,281
904,20,FORGERY,32
905,20,MURDER & NON-NEGL. MANSLAUGHTE,14
906,20,OFFENSES INVOLVING FRAUD,33
907,20,OTHER TRAFFIC INFRACTION,34
908,20,FOR OTHER AUTHORITIES,13
909,20,ROBBERY,147
910,20,BURGLAR'S TOOLS,18
911,20,PETIT LARCENY,317
912,20,CRIMINAL TRESPASS,53
913,20,PROSTITUTION & RELATED OFFENSES,7
914,20,INTOXICATED/IMPAIRED DRIVING,20
915,21,FOR OTHER AUTHORITIES,9
916,21,ARSON,6
917,21,GAMBLING,6
918,21,INTOXICATED/IMPAIRED DRIVING,12
919,21,OTHER OFFENSES RELATED TO THEF,18
920,21,UNAUTHORIZED USE OF A VEHICLE,20
921,21,POSSESSION OF STOLEN PROPERTY,45
922,21,CRIMINAL MISCHIEF & RELATED OF,188
923,21,DANGEROUS WEAPONS,163
924,21,GRAND LARCENY,139
925,21,VEHICLE AND TRAFFIC LAWS,132
926,21,GRAND LARCENY OF MOTOR VEHICLE,28
927,21,BURGLARY,128
928,21,OTHER TRAFFIC INFRACTION,31
929,21,CRIMINAL TRESPASS,32
930,21,OTHER STATE LAWS,34
931,21,THEFT OF SERVICES,1
932,21,OFF. AGNST PUB ORD SENSBLTY &,64
933,21,INTOXICATED & IMPAIRED DRIVING,64
934,21,OFFENSES AGAINST PUBLIC ADMINI,60
935,21,OFFENSES INVOLVING FRAUD,60
936,21,KIDNAPPING & RELATED OFFENSES,2
937,21,SEX CRIMES,44
938,21,FORGERY,44
939,21,NYS LAWS-UNCLASSIFIED FELONY,12
940,21,FRAUDS,3
941,21,MURDER & NON-NEGL. MANSLAUGHTE,16
942,21,ROBBERY,199
943,21,OFFENSES AGAINST PUBLIC SAFETY,4
944,21,BURGLAR'S TOOLS,13
945,21,PETIT LARCENY,386
946,21,DANGEROUS DRUGS,348
947,21,THEFT-FRAUD,4
948,21,HARRASSMENT 2,1
949,21,OFFENSES AGAINST THE PERSON,14
950,21,ENDAN WELFARE INCOMP,1
951,21,OTHER STATE LAWS (NON PENAL LA,14
952,21,RAPE,4
953,21,ADMINISTRATIVE CODE,12
954,21,PROSTITUTION & RELATED OFFENSES,4
955,21,ALCOHOLIC BEVERAGE CONTROL LAW,12
956,21,FELONY ASSAULT,317
957,21,DISORDERLY CONDUCT,1
958,21,MISCELLANEOUS PENAL LAW,293
959,21,OFFENSES RELATED TO CHILDREN,1
960,21,ASSAULT 3 & RELATED OFFENSES,510
961,22,FOR OTHER AUTHORITIES,5
962,22,ARSON,1
963,22,GRAND LARCENY,219
964,22,ASSAULT 3 & RELATED OFFENSES,579
965,22,INTOXICATED & IMPAIRED DRIVING,53
966,22,OFFENSES AGAINST PUBLIC ADMINI,57
967,22,FORGERY,74
968,22,PROSTITUTION & RELATED OFFENSES,1
969,22,ADMINISTRATIVE CODE,1
970,22,OFF. AGNST PUB ORD SENSBLTY &,91
971,22,RAPE,6
972,22,FELONY ASSAULT,389
973,22,VEHICLE AND TRAFFIC LAWS,134
974,22,BURGLARY,142
975,22,CRIMINAL MISCHIEF & RELATED OF,185
976,22,ROBBERY,197
977,22,OTHER STATE LAWS,7
978,22,DANGEROUS DRUGS,199
979,22,DANGEROUS WEAPONS,202
980,22,MISCELLANEOUS PENAL LAW,288
981,22,PETIT LARCENY,402
982,22,ALCOHOLIC BEVERAGE CONTROL LAW,5
983,22,SEX CRIMES,57
984,22,THEFT-FRAUD,3
985,22,UNAUTHORIZED USE OF A VEHICLE,13
986,22,FRAUDS,11
987,22,GAMBLING,4
988,22,OTHER STATE LAWS (NON PENAL LA,4
989,22,OTHER OFFENSES RELATED TO THEF,16
990,22,OFFENSES AGAINST THE PERSON,16
991,22,BURGLAR'S TOOLS,16
992,22,OFFENSES AGAINST PUBLIC SAFETY,3
993,22,GRAND LARCENY OF MOTOR VEHICLE,48
994,22,NYS LAWS-UNCLASSIFIED FELONY,24
995,22,MURDER & NON-NEGL. MANSLAUGHTE,29
996,22,CRIMINAL TRESPASS,32
997,22,POSSESSION OF STOLEN PROPERTY,33
998,22,KIDNAPPING & RELATED OFFENSES,2
999,22,OTHER TRAFFIC INFRACTION,49
1000,22,OFFENSES INVOLVING FRAUD,45
1001,22,INTOXICATED/IMPAIRED DRIVING,5
1002,23,RAPE,2
1003,23,THEFT OF SERVICES,3
1004,23,DANGEROUS DRUGS,203
1005,23,PETIT LARCENY,67
1006,23,MISCELLANEOUS PENAL LAW,211
1007,23,FORGERY,57
1008,23,FELONY ASSAULT,292
1009,23,ADMINISTRATIVE CODE,4
1010,23,OFFENSES AGAINST PUBLIC SAFETY,1
1011,23,PROSTITUTION & RELATED OFFENSES,4
1012,23,OFFENSES AGAINST THE PERSON,15
1013,23,INTOXICATED/IMPAIRED DRIVING,4
1014,23,DANGEROUS WEAPONS,397
1015,23,NYS LAWS-UNCLASSIFIED FELONY,14
1016,23,GRAND LARCENY OF MOTOR VEHICLE,52
1017,23,ASSAULT 3 & RELATED OFFENSES,422
1018,23,GRAND LARCENY,51
1019,23,CRIMINAL TRESPASS,11
1020,23,OFFENSES INVOLVING FRAUD,12
1021,23,ALCOHOLIC BEVERAGE CONTROL LAW,6
1022,23,OTHER OFFENSES RELATED TO THEF,45
1023,23,GAMBLING,20
1024,23,BURGLARY,50
1025,23,OTHER STATE LAWS,21
1026,23,MURDER & NON-NEGL. MANSLAUGHTE,36
1027,23,OTHER TRAFFIC INFRACTION,7
1028,23,SEX CRIMES,36
1029,23,AGRICULTURE & MRKTS LAW-UNCLASSIFIED,1
1030,23,OFFENSES AGAINST PUBLIC ADMINI,65
1031,23,ARSON,5
1032,23,UNAUTHORIZED USE OF A VEHICLE,7
1033,23,MOVING INFRACTIONS,1
1034,23,KIDNAPPING & RELATED OFFENSES,1
1035,23,FRAUDS,9
1036,23,VEHICLE AND TRAFFIC LAWS,38
1037,23,INTOXICATED & IMPAIRED DRIVING,28
1038,23,BURGLAR'S TOOLS,5
1039,23,OTHER STATE LAWS (NON PENAL LA,10
1040,23,CRIMINAL MISCHIEF & RELATED OF,135
1041,23,POSSESSION OF STOLEN PROPERTY,28
1042,23,FOR OTHER AUTHORITIES,9
1043,23,OFF. AGNST PUB ORD SENSBLTY &,38
1044,23,HARRASSMENT 2,1
1045,23,DISORDERLY CONDUCT,2
1046,23,ANTICIPATORY OFFENSES,9
1047,23,ROBBERY,150
1048,24,ESCAPE 3,1
1049,24,OTHER STATE LAWS (NON PENAL LAW),1
1050,24,DISORDERLY CONDUCT,1
1051,24,MOVING INFRACTIONS,1
1052,24,"HOMICIDE-NEGLIGENT,UNCLASSIFIE",1
1053,24,HARRASSMENT 2,1
1054,24,KIDNAPPING,1
1055,24,THEFT-FRAUD,5
1056,24,GAMBLING,4
1057,24,ARSON,2
1058,24,KIDNAPPING & RELATED OFFENSES,2
1059,24,ENDAN WELFARE INCOMP,1
1060,24,BURGLARY,124
1061,24,FOR OTHER AUTHORITIES,17
1062,24,SEX CRIMES,100
1063,24,OTHER STATE LAWS (NON PENAL LA,7
1064,24,UNAUTHORIZED USE OF A VEHICLE,20
1065,24,FRAUDS,15
1066,24,ALCOHOLIC BEVERAGE CONTROL LAW,8
1067,24,GRAND LARCENY,173
1068,24,ADMINISTRATIVE CODE,8
1069,24,NYS LAWS-UNCLASSIFIED FELONY,19
1070,24,POSSESSION OF STOLEN PROPERTY,62
1071,24,OFF. AGNST PUB ORD SENSBLTY &,64
1072,24,OTHER OFFENSES RELATED TO THEF,10
1073,24,RAPE,10
1074,24,ROBBERY,251
1075,24,OTHER STATE LAWS,18
1076,24,BURGLAR'S TOOLS,22
1077,24,THEFT OF SERVICES,11
1078,24,CRIMINAL MISCHIEF & RELATED OF,324
1079,24,INTOXICATED & IMPAIRED DRIVING,154
1080,24,PROSTITUTION & RELATED OFFENSES,30
1081,24,ASSAULT 3 & RELATED OFFENSES,1089
1082,24,VEHICLE AND TRAFFIC LAWS,105
1083,24,INTOXICATED/IMPAIRED DRIVING,33
1084,24,DANGEROUS WEAPONS,104
1085,24,OFFENSES AGAINST PUBLIC ADMINI,148
1086,24,MURDER & NON-NEGL. MANSLAUGHTE,24
1087,24,MISCELLANEOUS PENAL LAW,354
1088,24,CRIMINAL TRESPASS,34
1089,24,DANGEROUS DRUGS,245
1090,24,GRAND LARCENY OF MOTOR VEHICLE,41
1091,24,FELONY ASSAULT,531
1092,24,OTHER TRAFFIC INFRACTION,42
1093,24,OFFENSES AGAINST THE PERSON,23
1094,24,OFFENSES INVOLVING FRAUD,23
1095,24,FORGERY,45
1096,24,PETIT LARCENY,541
1097,25,KIDNAPPING & RELATED OFFENSES,1
1098,25,OTHER STATE LAWS (NON PENAL LA,16
1099,25,CRIMINAL TRESPASS,17
1100,25,FORGERY,28
1101,25,POSSESSION OF STOLEN PROPERTY,81
1102,25,MOVING INFRACTIONS,1
1103,25,THEFT-FRAUD,15
1104,25,SEX CRIMES,68
1105,25,FOR OTHER AUTHORITIES,31
1106,25,OTHER TRAFFIC INFRACTION,26
1107,25,GRAND LARCENY OF MOTOR VEHICLE,25
1108,25,OFFENSES AGAINST PUBLIC ADMINI,38
1109,25,DANGEROUS WEAPONS,51
1110,25,GAMBLING,3
1111,25,MURDER & NON-NEGL. MANSLAUGHTE,17
1112,25,INTOXICATED & IMPAIRED DRIVING,55
1113,25,OFF. AGNST PUB ORD SENSBLTY &,57
1114,25,ADMINISTRATIVE CODE,2
1115,25,NYS LAWS-UNCLASSIFIED FELONY,4
1116,25,ALCOHOLIC BEVERAGE CONTROL LAW,2
1117,25,VEHICLE AND TRAFFIC LAWS,58
1118,25,OTHER STATE LAWS,2
1119,25,BURGLAR'S TOOLS,21
1120,25,UNAUTHORIZED USE OF A VEHICLE,20
1121,25,PROSTITUTION & RELATED OFFENSES,27
1122,25,OTHER OFFENSES RELATED TO THEF,6
1123,25,ASSAULT 3 & RELATED OFFENSES,609
1124,25,OFFENSES AGAINST THE PERSON,10
1125,25,OFFENSES AGAINST PUBLIC SAFETY,4
1126,25,ROBBERY,238
1127,25,GRAND LARCENY,224
1128,25,DISORDERLY CONDUCT,1
1129,25,INTOXICATED/IMPAIRED DRIVING,11
1130,25,ARSON,5
1131,25,MISCELLANEOUS PENAL LAW,305
1132,25,FELONY ASSAULT,277
1133,25,FRAUDS,9
1134,25,PETIT LARCENY,357
1135,25,RAPE,7
1136,25,CRIMINAL MISCHIEF & RELATED OF,155
1137,25,OFFENSES INVOLVING FRAUD,6
1138,25,BURGLARY,143
1139,25,DANGEROUS DRUGS,162
1140,26,CRIMINAL MISCHIEF & RELATED OF,44
1141,26,OFFENSES INVOLVING FRAUD,2
1142,26,FORGERY,9
1143,26,OTHER TRAFFIC INFRACTION,23
1144,26,OFF. AGNST PUB ORD SENSBLTY &,23
1145,26,INTOXICATED/IMPAIRED DRIVING,9
1146,26,HOMICIDE-NEGLIGENT-VEHICLE,2
1147,26,THEFT-FRAUD,1
1148,26,OFFENSES AGAINST THE PERSON,7
1149,26,BURGLAR'S TOOLS,7
1150,26,NYS LAWS-UNCLASSIFIED FELONY,2
1151,26,BURGLARY,23
1152,26,UNAUTHORIZED USE OF A VEHICLE,5
1153,26,POSSESSION OF STOLEN PROPERTY,7
1154,26,INTOXICATED & IMPAIRED DRIVING,55
1155,26,MURDER & NON-NEGL. MANSLAUGHTE,2
1156,26,FOR OTHER AUTHORITIES,8
1157,26,PETIT LARCENY,53
1158,26,ADMINISTRATIVE CODE,2
1159,26,FRAUDS,1
1160,26,CRIMINAL TRESPASS,14
1161,26,GRAND LARCENY OF MOTOR VEHICLE,11
1162,26,ROBBERY,11
1163,26,MISCELLANEOUS PENAL LAW,64
1164,26,OFFENSES AGAINST PUBLIC SAFETY,1
1165,26,OFFENSES AGAINST PUBLIC ADMINI,14
1166,26,OTHER STATE LAWS (NON PENAL LA,1
1167,26,DANGEROUS WEAPONS,13
1168,26,MOVING INFRACTIONS,1
1169,26,ASSAULT 3 & RELATED OFFENSES,173
1170,26,GRAND LARCENY,25
1171,26,SEX CRIMES,17
1172,26,DANGEROUS DRUGS,18
1173,26,VEHICLE AND TRAFFIC LAWS,68
1174,26,FELONY ASSAULT,83
1175,27,CRIMINAL MISCHIEF & RELATED OF,365
1176,27,ASSAULT 3 & RELATED OFFENSES,1191
1177,27,HARRASSMENT 2,2
1178,27,OFFENSES AGAINST PUBLIC SAFETY,1
1179,27,MISCELLANEOUS PENAL LAW,880
1180,27,UNAUTHORIZED USE OF A VEHICLE,34
1181,27,OFFENSES INVOLVING FRAUD,30
1182,27,FELONY ASSAULT,741
1183,27,INTOXICATED & IMPAIRED DRIVING,127
1184,27,CRIMINAL TRESPASS,47
1185,27,OFF. AGNST PUB ORD SENSBLTY &,109
1186,27,BURGLARY,135
1187,27,OFFENSES AGAINST PUBLIC ADMINI,104
1188,27,SEX CRIMES,151
1189,27,VEHICLE AND TRAFFIC LAWS,98
1190,27,GRAND LARCENY OF MOTOR VEHICLE,89
1191,27,FORGERY,84
1192,27,MURDER & NON-NEGL. MANSLAUGHTE,77
1193,27,GRAND LARCENY,247
1194,27,ROBBERY,254
1195,27,DANGEROUS WEAPONS,291
1196,27,POSSESSION OF STOLEN PROPERTY,56
1197,27,PETIT LARCENY,305
1198,27,DISORDERLY CONDUCT,2
1199,27,DANGEROUS DRUGS,305
1200,27,KIDNAPPING & RELATED OFFENSES,2
1201,27,MOVING INFRACTIONS,2
1202,27,OTHER TRAFFIC INFRACTION,53
1203,27,CHILD ABANDONMENT/NON SUPPORT,1
1204,27,THEFT-FRAUD,2
1205,27,BURGLAR'S TOOLS,2
1206,27,OTHER STATE LAWS,5
1207,27,ENDAN WELFARE INCOMP,3
1208,27,OFFENSES RELATED TO CHILDREN,5
1209,27,PROSTITUTION & RELATED OFFENSES,3
1210,27,NYS LAWS-UNCLASSIFIED FELONY,12
1211,27,RAPE,13
1212,27,OTHER OFFENSES RELATED TO THEF,11
1213,27,OFFENSES AGAINST THE PERSON,27
1214,27,ARSON,5
1215,27,OTHER STATE LAWS (NON PENAL LA,15
1216,27,INTOXICATED/IMPAIRED DRIVING,22
1217,27,ALCOHOLIC BEVERAGE CONTROL LAW,13
1218,27,FRAUDS,18
1219,27,ADMINISTRATIVE CODE,4
1220,27,FOR OTHER AUTHORITIES,22
1221,28,PROSTITUTION & RELATED OFFENSES,22
1222,28,FRAUDS,22
1223,28,FORGERY,86
1224,28,DANGEROUS WEAPONS,287
1225,28,THEFT OF SERVICES,16
1226,28,RAPE,89
1227,28,MISCELLANEOUS PENAL LAW,310
1228,28,OFF. AGNST PUB ORD SENSBLTY &,69
1229,28,"HOMICIDE-NEGLIGENT,UNCLASSIFIE",1
1230,28,GRAND LARCENY,183
1231,28,POSSESSION OF STOLEN PROPERTY,82
1232,28,OFFENSES AGAINST PUBLIC SAFETY,1
1233,28,GRAND LARCENY OF MOTOR VEHICLE,84
1234,28,GAMBLING,3
1235,28,OTHER STATE LAWS,10
1236,28,KIDNAPPING & RELATED OFFENSES,1
1237,28,SEX CRIMES,195
1238,28,DISORDERLY CONDUCT,2
1239,28,CRIMINAL TRESPASS,65
1240,28,ENDAN WELFARE INCOMP,2
1241,28,ROBBERY,221
1242,28,HARRASSMENT 2,2
1243,28,OTHER STATE LAWS (NON PENAL LA,214
1244,28,ALCOHOLIC BEVERAGE CONTROL LAW,2
1245,28,OFFENSES AGAINST PUBLIC ADMINI,259
1246,28,CRIMINAL MISCHIEF & RELATED OF,320
1247,28,INTOXICATED/IMPAIRED DRIVING,27
1248,28,FOR OTHER AUTHORITIES,11
1249,28,OFFENSES AGAINST THE PERSON,28
1250,28,OTHER TRAFFIC INFRACTION,124
1251,28,CHILD ABANDONMENT/NON SUPPORT,4
1252,28,INTOXICATED & IMPAIRED DRIVING,142
1253,28,UNAUTHORIZED USE OF A VEHICLE,32
1254,28,THEFT-FRAUD,27
1255,28,ASSAULT 3 & RELATED OFFENSES,706
1256,28,BURGLAR'S TOOLS,16
1257,28,DANGEROUS DRUGS,492
1258,28,NYS LAWS-UNCLASSIFIED FELONY,14
1259,28,FRAUDULENT ACCOSTING,7
1260,28,PETIT LARCENY,320
1261,28,OTHER OFFENSES RELATED TO THEF,45
1262,28,FELONY ASSAULT,409
1263,28,BURGLARY,99
1264,28,OFFENSES INVOLVING FRAUD,23
1265,28,ARSON,7
1266,28,MOVING INFRACTIONS,2
1267,28,VEHICLE AND TRAFFIC LAWS,340
1268,28,MURDER & NON-NEGL. MANSLAUGHTE,42
1269,28,ADMINISTRATIVE CODE,5
1270,29,GRAND LARCENY,188
1271,29,POSSESSION OF STOLEN PROPERTY,70
1272,29,VEHICLE AND TRAFFIC LAWS,119
1273,29,DANGEROUS DRUGS,202
1274,29,OFF. AGNST PUB ORD SENSBLTY &,121
1275,29,BURGLAR'S TOOLS,4
1276,29,INTOXICATED & IMPAIRED DRIVING,70
1277,29,ENDAN WELFARE INCOMP,1
1278,29,BURGLARY,116
1279,29,DISORDERLY CONDUCT,1
1280,29,OFFENSES AGAINST PUBLIC SAFETY,4
1281,29,GRAND LARCENY OF MOTOR VEHICLE,79
1282,29,FORGERY,80
1283,29,OFFENSES RELATED TO CHILDREN,4
1284,29,FRAUDS,17
1285,29,DANGEROUS WEAPONS,190
1286,29,FOR OTHER AUTHORITIES,15
1287,29,GAMBLING,15
1288,29,OFFENSES AGAINST THE PERSON,11
1289,29,SEX CRIMES,94
1290,29,OFFENSES AGAINST PUBLIC ADMINI,127
1291,29,HARRASSMENT 2,1
1292,29,OTHER OFFENSES RELATED TO THEF,7
1293,29,FELONY ASSAULT,540
1294,29,PETIT LARCENY,209
1295,29,OTHER STATE LAWS,1
1296,29,MURDER & NON-NEGL. MANSLAUGHTE,32
1297,29,INTOXICATED/IMPAIRED DRIVING,6
1298,29,CRIMINAL MISCHIEF & RELATED OF,292
1299,29,ASSAULT 3 & RELATED OFFENSES,807
1300,29,THEFT-FRAUD,1
1301,29,ARSON,1
1302,29,MISCELLANEOUS PENAL LAW,425
1303,29,OTHER STATE LAWS (NON PENAL LA,21
1304,29,OFFENSES INVOLVING FRAUD,32
1305,29,MOVING INFRACTIONS,1
1306,29,KIDNAPPING & RELATED OFFENSES,3
1307,29,HOMICIDE-NEGLIGENT-VEHICLE,1
1308,29,RAPE,11
1309,29,ALCOHOLIC BEVERAGE CONTROL LAW,20
1310,29,OTHER TRAFFIC INFRACTION,30
1311,29,CRIMINAL TRESPASS,37
1312,29,ROBBERY,237
1313,29,ADMINISTRATIVE CODE,2
1314,29,NYS LAWS-UNCLASSIFIED FELONY,11
1315,29,AGRICULTURE & MRKTS LAW-UNCLASSIFIED,2
1316,29,UNAUTHORIZED USE OF A VEHICLE,31
1317,30,ASSAULT 3 & RELATED OFFENSES,961
1318,30,MISCELLANEOUS PENAL LAW,505
1319,30,FELONY ASSAULT,479
1320,30,INTOXICATED & IMPAIRED DRIVING,147
1321,30,AGRICULTURE & MRKTS LAW-UNCLASSIFIED,1
1322,30,INTOXICATED/IMPAIRED DRIVING,11
1323,30,DANGEROUS DRUGS,343
1324,30,SEX CRIMES,201
1325,30,BURGLARY,199
1326,30,OFFENSES AGAINST PUBLIC ADMINI,129
1327,30,GRAND LARCENY,249
1328,30,MOVING INFRACTIONS,4
1329,30,ROBBERY,256
1330,30,PETIT LARCENY,401
1331,30,VEHICLE AND TRAFFIC LAWS,264
1332,30,CRIMINAL MISCHIEF & RELATED OF,279
1333,30,OTHER STATE LAWS,5
1334,30,OFFENSES RELATED TO CHILDREN,5
1335,30,ADMINISTRATIVE CODE,7
1336,30,HARRASSMENT 2,1
1337,30,"HOMICIDE-NEGLIGENT,UNCLASSIFIE",1
1338,30,DANGEROUS WEAPONS,266
1339,30,ALCOHOLIC BEVERAGE CONTROL LAW,4
1340,30,OFF. AGNST PUB ORD SENSBLTY &,115
1341,30,GRAND LARCENY OF MOTOR VEHICLE,57
1342,30,POSSESSION OF STOLEN PROPERTY,73
1343,30,FRAUDS,21
1344,30,MURDER & NON-NEGL. MANSLAUGHTE,23
1345,30,BURGLAR'S TOOLS,17
1346,30,OFFENSES INVOLVING FRAUD,41
1347,30,CRIMINAL TRESPASS,41
1348,30,PROSTITUTION & RELATED OFFENSES,18
1349,30,OFFENSES AGAINST PUBLIC SAFETY,3
1350,30,DISORDERLY CONDUCT,2
1351,30,NYS LAWS-UNCLASSIFIED FELONY,18
1352,30,OTHER TRAFFIC INFRACTION,68
1353,30,ENDAN WELFARE INCOMP,2
1354,30,OTHER OFFENSES RELATED TO THEF,18
1355,30,OTHER STATE LAWS (NON PENAL LA,33
1356,30,ARSON,3
1357,30,CHILD ABANDONMENT/NON SUPPORT,1
1358,30,RAPE,6
1359,30,UNAUTHORIZED USE OF A VEHICLE,19
1360,30,FORGERY,54
1361,30,OFFENSES AGAINST THE PERSON,20
1362,30,FOR OTHER AUTHORITIES,29
1363,30,THEFT-FRAUD,3
1364,31,FOR OTHER AUTHORITIES,22
1365,31,NYS LAWS-UNCLASSIFIED FELONY,53
1366,31,THEFT-FRAUD,10
1367,31,KIDNAPPING & RELATED OFFENSES,3
1368,31,OFFENSES AGAINST PUBLIC SAFETY,3
1369,31,VEHICLE AND TRAFFIC LAWS,305
1370,31,MURDER & NON-NEGL. MANSLAUGHTE,54
1371,31,CRIMINAL TRESPASS,46
1372,31,ARSON,6
1373,31,ALCOHOLIC BEVERAGE CONTROL LAW,2
1374,31,ASSAULT 3 & RELATED OFFENSES,888
1375,31,PROSTITUTION & RELATED OFFENSES,6
1376,31,BURGLAR'S TOOLS,2
1377,31,ENDAN WELFARE INCOMP,2
1378,31,MISCELLANEOUS PENAL LAW,772
1379,31,GRAND LARCENY OF MOTOR VEHICLE,47
1380,31,HOMICIDE-NEGLIGENT-VEHICLE,2
1381,31,PETIT LARCENY,553
1382,31,DANGEROUS DRUGS,506
1383,31,OTHER STATE LAWS (NON PENAL LA,26
1384,31,FELONY ASSAULT,497
1385,31,CRIMINAL MISCHIEF & RELATED OF,437
1386,31,INTOXICATED/IMPAIRED DRIVING,43
1387,31,RAPE,22
1388,31,UNAUTHORIZED USE OF A VEHICLE,33
1389,31,OFFENSES AGAINST THE PERSON,43
1390,31,FRAUDS,22
1391,31,OFFENSES AGAINST PUBLIC ADMINI,210
1392,31,OTHER STATE LAWS,1
1393,31,AGRICULTURE & MRKTS LAW-UNCLASSIFIED,1
1394,31,FORGERY,66
1395,31,DANGEROUS WEAPONS,223
1396,31,ROBBERY,225
1397,31,INTOXICATED & IMPAIRED DRIVING,228
1398,31,POSSESSION OF STOLEN PROPERTY,76
1399,31,OFFENSES INVOLVING FRAUD,72
1400,31,GRAND LARCENY,232
1401,31,OTHER TRAFFIC INFRACTION,61
1402,31,OFF. AGNST PUB ORD SENSBLTY &,164
1403,31,OTHER OFFENSES RELATED TO THEF,20
1404,31,SEX CRIMES,93
1405,31,BURGLARY,117
1406,32,OTHER STATE LAWS,6
1407,32,MURDER & NON-NEGL. MANSLAUGHTE,11
1408,32,GRAND LARCENY OF MOTOR VEHICLE,11
1409,32,NYS LAWS-UNCLASSIFIED FELONY,6
1410,32,PETIT LARCENY,97
1411,32,MISCELLANEOUS PENAL LAW,158
1412,32,FOR OTHER AUTHORITIES,3
1413,32,ANTICIPATORY OFFENSES,1
1414,32,BURGLAR'S TOOLS,6
1415,32,POSSESSION OF STOLEN PROPERTY,13
1416,32,CHILD ABANDONMENT/NON SUPPORT,1
1417,32,BURGLARY,115
1418,32,CRIMINAL MISCHIEF & RELATED OF,125
1419,32,DANGEROUS DRUGS,134
1420,32,ROBBERY,130
1421,32,INTOXICATED/IMPAIRED DRIVING,2
1422,32,SEX CRIMES,27
1423,32,THEFT OF SERVICES,1
1424,32,INTOXICATED & IMPAIRED DRIVING,16
1425,32,FORGERY,24
1426,32,GAMBLING,4
1427,32,HARRASSMENT 2,1
1428,32,OFFENSES INVOLVING FRAUD,19
1429,32,DANGEROUS WEAPONS,58
1430,32,UNAUTHORIZED USE OF A VEHICLE,9
1431,32,FELONY ASSAULT,230
1432,32,OFFENSES AGAINST PUBLIC ADMINI,48
1433,32,OFFENSES AGAINST THE PERSON,7
1434,32,GRAND LARCENY,68
1435,32,OTHER OFFENSES RELATED TO THEF,16
1436,32,ASSAULT 3 & RELATED OFFENSES,337
1437,32,OTHER STATE LAWS (NON PENAL LA,1
1438,32,OFF. AGNST PUB ORD SENSBLTY &,42
1439,32,ALCOHOLIC BEVERAGE CONTROL LAW,7
1440,32,VEHICLE AND TRAFFIC LAWS,76
1441,32,CRIMINAL TRESPASS,17
1442,32,ARSON,2
1443,32,PROSTITUTION & RELATED OFFENSES,20
1444,32,FRAUDS,2
1445,32,ADMINISTRATIVE CODE,2
1446,32,THEFT-FRAUD,3
1447,32,OTHER TRAFFIC INFRACTION,12
